date,spxfp,spx_px_last,spx_rebased,libor_3m,tsfr_3m,fedfunds,tbill_3m,ust_5y,vix,vix3m,vix6m,vix1y,iv_12m,iv_18m,iv_24m,spx_div_yld,loan_base,iv_5y,iv_24m_filled,div_yld_cont,ust_10y,ust_7y_interpolated,ust_7y,iv_7y,iv_10y
1997-09-30,101.12,947.28,101.4631220410874,5.76953,,5.81,5.1,5.987,22.91,,,,,,,1.5988,5.76953,21.944261650087164,21.82544793052712,0.0158615380629174,6.103,True,6.0334,21.630292504352088,21.302490563835747
1997-10-31,97.89,914.62,97.96491077740411,5.75,,5.56,5.199,5.708,35.09,,,,,,,1.661,5.75,25.13651511269401,26.746305309155726,0.0164735626928889,5.831,True,5.7572,24.182208680894767,23.21046888697552
1997-11-30,101.16,955.4,102.33285490884948,5.90234,,5.5,5.198,5.84,27.43,,,,,,,1.5979,5.90234,23.23981276267277,23.78244590595784,0.0158526796513388,5.874,True,5.8536,22.67347472999297,22.088398750212253
1997-12-31,102.56,970.43,103.94271759388197,5.8125,,5.84,5.347,5.711,24.01,,,,,,,1.5839,5.8125,22.27455903004385,22.319068911596094,0.0157148720325249,5.742,True,5.7234,21.89727116298164,21.504443182533546
1998-01-31,103.47,980.28,104.99775069085932,5.625,,5.48,5.178,5.379,21.47,,,,,,,1.5695,5.625,21.4951156151287,21.16011912510101,0.0155731072378021,5.505,True,5.429399999999999,21.266091375761878,21.02606432500449
1998-02-28,110.03,1049.34,112.3947644652001,5.67969,,5.57,5.314,5.585,18.55,,,,,,,1.4767,5.67969,20.51705304985686,19.735179560223116,0.0146590294913435,5.622,True,5.5998,20.46823974174221,20.416640622580218
1998-03-31,116.33,1101.75,118.00839742079238,5.71094,,5.88,5.12,5.618,24.22,,,,,,,1.4156,5.71094,22.336437305929504,22.411951355598372,0.0140567394897316,5.654,True,5.6324000000000005,21.94720821181775,21.542154162413517
1998-04-30,117.24,1111.75,119.07949701163233,5.71875,,5.59,4.973,5.636,21.18,,,,,,,1.4042,5.71875,21.40219612115891,21.02333146754027,0.0139443244295451,5.671,True,5.65,21.190576160195032,20.968612483872977
1998-05-31,114.28,1090.82,116.83768556800428,5.6875,,5.63,5.012,5.549,21.32,,,,,,,1.4354,5.6875,21.447161329883432,21.08948839378678,0.0142519566694634,5.552,True,5.5502,21.227126471319675,20.99642578638496
1998-06-30,118.44,1133.84,121.44555600779778,5.6875,,7.06,5.078,5.467,19.71,,,,,,,1.3823,5.6875,20.917353001414018,20.314387316285583,0.0137283337192647,5.446,True,5.4586,20.795587910187322,20.6673309062482
1998-07-31,116.37,1120.67,120.03491784666154,5.6875,,5.63,5.075,5.501,24.8,,,,,,,1.3972,5.6875,22.505461422058175,22.666316878032656,0.0138752913755053,5.494,True,5.4982,22.083488326066178,21.644968273381384
1998-08-31,98.88,957.28,102.53422163192742,5.625,,5.89,4.825,4.797,44.28,,,,,,,1.6441,5.625,27.069946085686603,29.884192312422844,0.0163073100997279,4.976,True,4.8686,25.699330832835305,24.3225901002615
1998-09-30,105.29,1017.01,108.93189948801452,5.3125,,6.14,4.361,4.216,40.95,,,,,,,1.5677,5.3125,26.404082724307397,28.790502691290023,0.0155553852252899,4.42,True,4.2976,25.179101507350715,23.942990469659257
1998-10-31,113.41,1098.67,117.6784987468136,5.21953,,5.35,4.318,4.231,28.05,,,,,,,1.4505,5.21953,23.405876489327476,24.037303263582572,0.0144008088078119,4.605,True,4.3806,22.80642675641871,22.187955052402234
1998-11-30,119.29,1163.63,124.63636168891,5.28266,,5.11,4.483,4.482,26.01,,,,,,,1.3682,5.28266,22.849595322695883,23.18714257092015,0.013589246515803,4.714,True,4.574800000000001,22.360391545774448,21.85342335736128
1998-12-31,126.54,1229.23,131.6627750048202,5.06563,,4.07,4.452,4.54,24.42,,,,,,,1.2979,5.06563,22.39503001196859,22.500019960234436,0.0128954945482113,4.648,True,4.5832,21.994470933137,21.577827329393124
1999-01-31,130.19,1279.64,137.0621880422445,4.96953,,4.79,4.452,4.548,26.25,,,,,,,1.2333,4.96953,22.916549965488908,23.288930034817508,0.0122575681231396,4.651,True,4.5892,22.41417881226987,21.893845565571873
1999-02-28,125.52,1238.33,132.6374756324846,5.02625,,4.84,4.67,5.221,27.88,,,,,,,1.2799,5.02625,23.360593855455463,23.967718767612062,0.0127177850455178,5.287,True,5.2474,22.77018987655054,22.160833691915713
1999-03-31,130.14,1286.37,137.78303806687967,5.0,,4.98,4.475,5.102,23.26,,,,,,,1.2453,5.0,22.050506640681956,21.983828300286916,0.0123760991680406,5.242,True,5.158,21.716248015661186,21.367572994617355
1999-04-30,134.62,1335.18,143.01107516976947,4.98875,,5.03,4.535,5.213,25.07,,,,,,,1.2023,4.98875,22.583227034069505,22.783666604377142,0.0119512978797405,5.348,True,5.267,22.146127335394368,21.692175999327056
1999-05-31,130.49,1301.84,139.44002913390904,5.06625,,4.61,4.638,5.58,25.39,,,,,,,1.2389,5.06625,22.674658146211904,22.92189490090639,0.0123128843591604,5.622,True,5.5968,22.219724374925597,21.74760285565251
1999-06-30,137.68,1372.71,147.03091193419186,5.3675,,5.12,4.779,5.646,21.09,,,,,,,1.1817,5.3675,21.373182863151676,20.98068115420682,0.0117477244740252,5.78,True,5.6996,21.16698522335903,20.95065485888608
1999-07-31,132.7,1328.72,142.3191448340869,5.3425,,5.07,4.745,5.791,24.64,,,,,,,1.2272,5.3425,22.459105515297495,22.5964607402458,0.0121973094553812,5.903,True,5.8358,22.046130940097015,21.616799265082907
1999-08-31,131.5,1320.41,141.42906107409885,5.52,,5.57,4.967,5.865,24.45,,,,,,,1.2367,5.52,22.40379068212147,22.51319766256683,0.0122911533456448,5.97,True,5.907,22.001535663499975,21.583158157063682
1999-09-30,127.91,1282.71,137.39101561663222,6.08375,,5.51,4.851,5.754,25.41,,,,,,,1.2728,6.08375,22.680346456804592,22.93050382816428,0.0126476798333641,5.877,True,5.8031999999999995,22.22430139756913,21.75104846803735
1999-10-31,135.59,1362.93,145.98337653435038,6.185,,5.27,5.088,5.946,22.2,,,,,,,1.2011,6.185,21.725289813181913,21.50022643793709,0.0119394403714178,6.024,True,5.9772,21.452902069854748,21.16798773744802
1999-11-30,137.1,1388.91,148.7660932713527,6.115,,5.63,5.301,6.113,24.18,,,,,,,1.1814,6.115,22.32467923494674,22.39429203801564,0.0117447595065978,6.191,True,6.1442000000000005,21.937721111541393,21.53499131063397
1999-12-31,144.31,1469.25,157.37130738416087,6.00125,,3.99,5.328,6.344,24.64,,,,,,,1.1089,6.00125,22.459105515297495,22.5964607402458,0.0110279678156057,6.442,True,6.3832,22.046130940097015,21.616799265082907
2000-01-31,136.22,1394.46,149.36055354426887,6.0775,,5.87,5.692,6.683,24.95,,,,,,,1.1672,6.0775,22.548735357293832,22.73159320786893,0.0116044076581214,6.665,True,6.6758,22.118349587165444,21.671245180435495
2000-02-29,133.4,1366.42,146.3571902915536,6.10875,,5.85,5.781,6.595,23.37,,,,,,,1.1965,6.10875,22.083672773264077,22.03334717194075,0.0118939852869624,6.409,True,6.5206,21.743065265971484,21.387865876821675
2000-03-31,145.44,1498.58,160.51284248409442,6.29,,6.17,5.871,6.314,24.11,,,,,,,1.0969,6.29,22.304070676570547,22.363351421782195,0.0109092768580359,6.004,True,6.1899999999999995,21.921090763185244,21.522433512384907
2000-04-30,140.14,1452.43,155.569717872368,6.5025,,6.06,5.829,6.538,26.2,,,,,,,1.1205,6.5025,22.902635588105703,23.267764588553582,0.0111426890184844,6.212,True,6.4076,22.403003168607928,21.885448690007784
2000-05-31,136.51,1420.6,152.1604078747244,6.8625,,6.83,5.619,6.519,23.65,,,,,,,1.1427,6.8625,22.167618336716252,22.158847719875823,0.0113622049767917,6.272,True,6.4202,21.810909250664153,21.439178327503182
2000-06-30,138.77,1454.6,155.8021464835803,6.76938,,6.86,5.855,6.185,19.54,,,,,,,1.1084,6.76938,20.859710688929045,20.230640243608665,0.0110230226402918,6.031,True,6.123399999999999,20.74852003488939,20.63134169884898
2000-07-31,136.03,1430.83,153.25614275615368,6.72188,,6.64,6.219,6.146,20.74,,,,,,,1.1016,6.72188,21.25954470442882,20.81390700368164,0.0109557658280416,6.031,True,6.1,21.074529782581447,20.880232380703863
2000-08-31,143.81,1517.68,162.5586427025987,6.68,,6.65,6.307,5.973,16.84,,,,,,,1.3376,6.68,19.89458401915079,18.845632481844465,0.0132873311267768,5.725,True,5.8738,19.956927834842663,20.023204728646164
2000-09-30,135.41,1436.51,153.8645273237508,6.81125,,6.6,6.21,5.851,20.57,,,,,,,1.4128,6.81125,21.203877078590605,20.732371187591887,0.0140291299439266,5.802,True,5.8313999999999995,21.029206640057588,20.845684112188824
2000-10-31,134.15,1429.4,153.10297551466363,6.76,,6.59,6.389,5.807,23.63,,,,,,,1.4148,6.76,22.161644754495804,22.14990925801079,0.0140488511258571,5.751,True,5.7846,21.806082980470503,21.435529292350832
2000-11-30,123.09,1314.95,140.84424069750028,6.715,,6.62,6.202,5.427,29.65,,,,,,,1.543,6.715,23.8231734400535,24.681693884086,0.0153121681016056,5.468,True,5.4434,23.139777095870844,22.43698580968878
2000-12-31,122.53,1320.28,141.41513677941805,6.39875,,5.41,5.895,4.976,26.85,,,,,,,1.517,6.39875,23.08213096443863,23.541288496367237,0.0150560861539833,5.112,True,5.0304,22.547075983781685,21.99362460888001
2001-01-31,126.02,1366.01,146.31327520832917,5.42125,,5.74,4.994,4.768,22.02,,,,,,,1.4631,5.42125,21.66901935081394,21.416914530114056,0.0145249995965633,5.114,True,4.9064,21.407265475061212,21.133343227412595
2001-02-28,114.0,1239.94,132.8099226666098,5.0525,,5.59,4.859,4.656,28.35,,,,,,,1.6109,5.0525,23.4853329192778,24.15956337781708,0.0159806268663977,4.896,True,4.752,22.869980519264598,22.23549762886569
2001-03-31,106.2,1160.33,124.28289882393292,4.87875,,5.29,4.286,4.557,28.64,,,,,,,1.7118,4.87875,23.561598009732304,24.277106491507695,0.0169731378677061,4.917,True,4.7010000000000005,22.93094550236921,22.28107496944824
2001-04-30,113.92,1249.46,133.82960947708946,4.33625,,4.67,3.883,4.886,25.48,,,,,,,1.5813,4.33625,22.700231550478136,22.96060719355019,0.015689277097958,5.338,True,5.0668,22.240300057763346,21.763091076738277
2001-05-31,114.21,1255.82,134.5108288168636,3.99,,4.24,3.616,4.914,22.64,,,,,,,1.5761,3.99,21.861543007668143,21.702402014025697,0.0156380852634382,5.381,True,5.1008,21.563319002878508,21.251739246323304
2001-06-30,110.99,1224.42,131.14757610162627,3.83625,,3.95,3.656,4.95,19.06,,,,,,,1.6042,3.83625,20.695089010974872,19.9920989618112,0.0159146868845516,5.412,True,5.1348,20.61396968661873,20.528357184446673
2001-07-31,109.51,1211.23,129.73479574130835,3.67,,3.82,3.524,4.526,21.62,,,,,,,1.6215,3.67,21.542842136242214,21.230492191799794,0.0160849409423975,5.054,True,4.7372,21.304855776802064,21.055537915032634
2001-08-31,102.28,1133.58,121.41770741843608,3.4625,,3.66,3.367,4.38,24.92,,,,,,,1.3645,3.4625,22.540094781507563,22.718554399512705,0.0135527452508328,4.832,True,4.5607999999999995,22.111389740349047,21.66599991391894
2001-09-30,91.65,1040.94,111.49504080889471,2.59,,2.75,2.371,3.804,31.93,,,,,,,1.4885,2.59,24.39209175803968,25.56928669999403,0.0147753055821541,4.588,True,4.1175999999999995,23.592571566486427,22.773926361818535
2001-10-31,93.14,1059.78,113.51299243803712,2.2,,2.66,2.012,3.475,33.56,,,,,,,1.4687,2.2,24.78205333086202,26.183667644745768,0.0145801905523565,4.232,True,3.7778,23.901844630906467,23.003209238551015
2001-11-30,100.1,1139.45,122.04644287825904,2.03188,,2.06,1.726,4.064,23.84,,,,,,,1.3553,2.03188,22.22419641545378,22.24356665420722,0.0134619795732195,4.752,True,4.3392,21.85660917364457,21.47372178811044
2001-12-31,100.79,1148.08,122.97080182515388,1.88125,,1.52,1.725,4.302,23.8,,,,,,,1.3514,1.88125,22.21231084505386,22.225760523659744,0.0134235003320254,5.051,True,4.6015999999999995,21.847010546806548,21.466467803713776
2002-01-31,99.15,1130.21,121.05674685632285,1.88,,1.85,1.757,4.371,21.09,20.84,,,,,,1.3731,1.88,21.373182863151676,20.98068115420682,0.0136375839783817,5.033,True,4.635800000000001,21.16698522335903,20.95065485888608
2002-02-28,97.09,1106.73,118.54180501703064,1.9,,1.83,1.757,4.191,21.59,21.75,,,,,,1.4031,1.9,21.53331492519837,21.216438060481607,0.013933476693788,4.877,True,4.4654,21.297118820421012,21.04965629379913
2002-03-31,100.56,1147.39,122.89689595338588,2.03,,1.77,1.787,4.84,17.4,18.33,,,,,,1.3599,2.03,20.102992085715965,19.14194257079765,0.0135073634418272,5.396,True,5.0624,20.128433915308705,20.15542891935346
2002-04-30,94.26,1076.92,115.34885713673674,1.92,,1.82,1.7618,4.4049,21.91,20.83,,,,,,1.4498,1.92,21.634477385234515,21.365826228721893,0.0143939088672992,5.0847,True,4.676819999999999,21.379240675326123,21.112060066122154
2002-05-31,93.41,1067.14,114.30132173689518,1.89625,,1.79,1.7205,4.3532,19.98,20.82,,,,,,1.4697,1.89625,21.008210206483696,20.446624464201292,0.014590045759651,5.0427,True,4.6290000000000004,20.869730367518045,20.723983870486503
2002-06-30,86.54,989.81,106.01850860092978,1.86,,1.73,1.6796,4.0319,25.4,23.63,,,,,,1.5947,1.86,22.677502683027953,22.92619980778266,0.0158211824413,4.7965,True,4.33774,22.22201321890173,21.74932593274661
2002-07-31,79.68,911.62,97.6435809001522,1.82375,,1.76,1.6901,3.4463,32.03,29.12,,,,,,1.6879,1.82375,24.4164014270658,25.60744465043269,0.0167381326035883,4.4588,True,3.8513,23.611876938221283,22.788258822279566
2002-08-31,80.07,916.07,98.12022021807604,1.80625,,1.81,1.6694,3.195,32.64,32.5,,,,,,1.6827,1.80625,24.563581481588233,25.83887050504624,0.01668699443513,4.1409,True,3.57336,23.728685790082018,22.874921041777498
2002-09-30,71.22,815.28,87.32460744200004,1.79,,1.85,1.5467,2.5598,39.69,38.21,,,,,,1.8986,1.79,26.142512593179163,28.36458769990308,0.0188080151864429,3.5942,True,2.97356,24.97410097461467,23.792910274208865
2002-10-31,77.38,885.76,94.87371735824009,1.68625,,1.82,1.4449,2.7274,31.14,29.22,,,,,,1.7564,1.68625,24.19819706037431,25.265614893492742,0.0174115356194365,3.8925,True,3.19344,23.438467761305354,22.659421186728345
2002-11-30,81.8,936.31,100.28812578993612,1.425,,1.23,1.21,3.2684,27.5,26.7,,,,,,1.6723,1.425,23.25868917243382,23.81137000408352,0.0165847102522078,4.2052,True,3.64312,22.68859588259252,22.099728454773114
2002-12-31,76.9,879.82,94.2374842012812,1.38,,1.16,1.1898,2.7339,28.62,30.37,,,,,,1.7863,1.38,23.55635528726722,24.26902011558801,0.0177053314688094,3.816,True,3.16674,22.926755692508696,22.277943569007316
2003-01-31,74.78,855.7,91.65399198817522,1.35,,1.33,1.1692,2.9324,31.17,32.0,,,,,,1.8444,1.35,24.2056210086318,25.277219857630055,0.0182759723552435,3.9625,True,3.34444,23.44437222983842,22.66381163372339
2003-02-28,73.58,841.15,90.09554208350308,1.34,,1.33,1.1896,2.6612,29.63,29.07,,,,,,1.8963,1.34,23.818053126785404,24.67375284053709,0.0187854434734108,3.6897,True,3.0726,23.135693187183982,22.433939941050323
2003-03-31,74.21,848.18,90.84852509586352,1.27875,,1.38,1.108,2.7104,29.15,27.85,,,,,,1.8837,1.27875,23.694452677838864,24.482319768795794,0.0186617806996739,3.796,True,3.14464,23.037063009717393,22.360341635230597
2003-04-30,80.26,916.92,98.21126368329745,1.31,,1.31,1.1082,2.7473,21.21,21.63,,,,,,1.7536,1.31,21.4118485352236,21.037527164033083,0.0173840185441068,3.8359,True,3.18274,21.198423355070297,20.97458481342573
2003-05-31,84.4,963.59,103.21008547374748,1.28,,1.28,1.0979,2.2892,19.47,20.76,,,,,,1.6758,1.28,20.835876280164378,20.196045408535237,0.0166191339817666,3.3699,True,2.72148,20.7290512337958,20.616449886286926
2003-06-30,85.38,974.5,104.37865512735388,1.11625,,1.45,0.8455,2.4093,19.52,20.77,,,,,,1.6618,1.11625,20.85290680311387,20.2207626296031,0.0164814319530014,3.5133,True,2.8509,20.742962782594343,20.627091249502218
2003-07-31,86.79,990.31,106.07206358047183,1.11438,,1.04,0.9375,3.2204,19.49,20.03,,,,,,1.6591,1.11438,20.8426920616278,20.20593627688952,0.0164548729519331,4.4055,True,3.69444,20.734619015389313,20.620709048135925
2003-08-31,88.41,1008.01,107.9679098562586,1.14,,1.01,0.9681,3.4643,18.63,20.53,,,,,,1.6454,1.14,20.545198989428435,19.77572282756574,0.0163200997420854,4.4636,True,3.86402,20.49129338612515,20.434325738150363
2003-09-30,87.33,995.97,106.67830594888726,1.16,,1.17,0.9376,2.8255,22.72,23.42,,,,,,1.673,1.16,21.886121996166487,21.738939713261804,0.0165915950929197,3.9376,True,3.27034,21.583224211490133,21.266826851342287
2003-10-31,92.21,1050.71,112.54150510914516,1.16938,,1.03,0.9476,3.2418,16.1,16.88,,,,,,1.6127,1.16938,19.611814232327937,18.446058379549346,0.0159983413444411,4.2927,True,3.66216,19.72371189444596,19.842982949681627
2003-11-30,92.93,1058.2,113.34375870268424,1.17188,,1.01,0.9272,3.354,16.32,17.5,,,,,,1.6175,1.17188,19.696789994013308,18.565836312917412,0.0160455784184674,4.3316,True,3.74504,19.79385895662499,19.897241815193112
2003-12-31,97.7,1111.92,119.09770570467651,1.15188,,0.94,0.9171,3.2474,18.31,18.25,,,,,,1.5537,1.15188,20.432115779633232,19.61299791995852,0.0154175366281242,4.2455,True,3.6466399999999997,20.398635384880738,20.36321718497053
2004-01-31,99.42,1131.13,121.1552880186801,1.13,,1.03,0.9068,3.1433,16.63,18.23,,,,,,1.5458,1.13,19.815213693804743,18.73318963677996,0.0153397422465134,4.1319,True,3.5387399999999998,19.89152693218668,19.97271430041391
2004-02-29,100.7,1144.94,122.63447655363008,1.12,,1.04,0.9374,2.9385,14.55,16.64,,,,,,1.5482,1.12,18.98947410419494,17.576726735822366,0.0153633766227147,3.9711,True,3.35154,19.20829735621724,19.44292950857939
2004-03-31,99.09,1126.21,120.6283070199868,1.11,,1.05,0.9375,2.7777,16.74,17.98,,,,,,1.5887,1.11,19.856873257942915,18.792180310122298,0.0157621224983938,3.8348,True,3.2005399999999997,19.92586011504589,19.999224776538934
2004-04-30,97.42,1107.31,118.60392879329925,1.18,,1.03,0.9578,3.6218,17.19,18.71,,,,,,1.6414,1.18,20.025382230039572,19.031419246026935,0.016280746473693,4.5053,True,3.9752,20.064603466739314,20.106248747362688
2004-05-31,98.67,1120.68,120.03598894625226,1.315,,1.02,1.06,3.7909,15.5,17.08,,,,,,1.6415,1.315,19.375966682614212,18.11497027491632,0.0162817303242776,4.6468,True,4.13326,19.52873511329411,19.69193341192782
2004-06-30,100.48,1140.84,122.1953257213856,1.61,,1.38,1.2612,3.7661,14.34,16.42,,,,,,1.6296,1.61,18.901731840205247,17.455286267605462,0.0161646453081233,4.5806,True,4.0919,19.135389200836112,19.38614100693377
2004-07-31,97.0,1101.72,118.00518412201971,1.7,,1.29,1.4345,3.6943,15.32,17.46,,,,,,1.6975,1.7,19.304001538575324,18.014341068808683,0.0168325346600499,4.4747,True,4.006460000000001,19.46915669532999,19.645708376454852
2004-08-31,97.26,1104.24,118.27510121891136,1.8,,1.55,1.5778,3.3068,15.29,16.87,,,,,,1.7283,1.8,19.2919514122116,17.99750951734616,0.0171353477765312,4.1167,True,3.63076,19.459176771366373,19.637962074167223
2004-09-30,98.17,1114.58,119.3826181958399,2.02,,1.94,1.7003,3.3713,13.34,15.32,,,,,,1.722,2.02,18.471447440186488,16.863811130665614,0.0170734161892884,4.1194,True,3.67054,18.776967601074244,19.106233635312176
2004-10-31,99.51,1130.2,121.05567575673196,2.17,,1.79,1.8943,3.2818,16.27,16.05,,,,,,1.7145,2.17,19.677546187668288,18.538688586784403,0.0169996831079249,4.0235,True,3.5784800000000003,19.77797804098654,19.884961793622956
2004-11-30,103.36,1173.82,125.7278121719759,2.41,,2.02,2.2227,3.6911,13.24,14.27,,,,,,1.9758,2.41,18.42722432007574,16.803405906229923,0.0195653442448222,4.3492,True,3.9543399999999997,18.7400461670314,19.077330312440456
2004-12-31,106.68,1211.92,129.80870161307615,2.56438,,1.97,2.2117,3.6074,13.29,14.56,,,,,,1.9361,2.56438,18.449364224247233,16.833638238629796,0.0191759603932509,4.2182,True,3.8517200000000003,18.75853252703802,19.09180368952913
2005-01-31,103.87,1181.27,126.52578136715172,2.75,,2.5,2.4576,3.6943,12.82,13.36,,,13.0333,13.4793,,1.9887,2.75,18.238960798382344,16.547059924678454,0.0196918368454188,4.128,True,3.86778,18.582688923143618,18.953998026682317
2005-02-28,105.82,1203.6,128.91754675349733,2.92,,2.52,2.745,4.0114,12.08,12.62,,,12.5659,13.0375,,1.9704,2.92,17.89676407181021,16.084477216054033,0.0195123891027184,4.3766,True,4.15748,18.295921744587094,18.728615398524212
2005-03-31,103.68,1180.59,126.45294659497456,3.12,,2.96,2.7664,4.1652,14.02,14.62,,,14.1468,14.6624,,2.0249,3.12,18.76632975019613,17.268431199032975,0.0200467151513741,4.4815,True,4.29172,19.022759848003393,19.298315178147753
2005-04-30,101.44,1156.85,123.91015616632048,3.21,,2.97,2.8891,3.8947,15.31,15.71,,,15.7313,16.524,,2.0698,3.21,19.299986617859194,18.008732468947095,0.0204867069857956,4.1976,True,4.01586,19.465831658710734,19.64312762308393
2005-05-31,104.4,1191.5,127.62151624858096,3.3375,,3.09,2.9398,3.7352,13.29,13.97,,,14.4632,15.1977,15.371,2.0316,3.3375,17.362483685743694,15.371,0.0201123832384226,3.981,True,3.83352,17.846211907411114,18.37351791693897
2005-06-30,104.25,1191.33,127.60330755553662,3.51625,,3.35,3.1161,3.6978,12.04,13.54,,,14.2051,14.8938,15.5883,2.052,3.51625,17.52606229786046,15.5883,0.0203123013118782,3.913,True,3.78388,17.984157412408113,18.482659031976535
2005-07-31,107.85,1234.18,132.19296930228597,3.7,,3.31,3.3933,4.121,11.57,12.92,,,13.6471,14.3961,15.2289,1.9837,3.7,17.25509868130971,15.2289,0.0196428106046039,4.276,True,4.183,17.755528012424648,18.301663651273675
2005-08-31,106.52,1220.33,130.70949636897248,3.87,,3.63,3.4977,3.859,12.6,13.96,,,14.438,15.1888,15.6983,2.0437,3.87,17.608579013985292,15.6983,0.0202309669182131,4.0137,True,3.92088,18.0536561136932,18.53757246083203
2005-09-30,107.07,1228.81,131.6177888220047,4.065,,3.93,3.5376,4.1886,11.92,13.35,,,14.1761,15.062,15.8503,2.0308,4.065,17.722286941725812,15.8503,0.0201045424995113,4.324,True,4.24276,18.149329892335373,18.61308802017706
2005-10-31,104.94,1207.01,129.28279171397364,4.26,,4.02,3.8777,4.4412,15.32,14.45,,,15.0369,15.7786,16.658,2.0737,4.26,18.32055449659063,16.658,0.0205249154029186,4.5506,True,4.48496,18.650923291857804,19.007507736137804
2005-11-30,108.52,1249.48,133.8317516762709,4.42,,4.03,3.9315,4.4109,12.06,13.51,,,14.3659,14.9449,15.3984,1.7907,4.42,17.383151900468185,15.3984,0.0177485583559399,4.484,True,4.4401399999999995,17.86365415815812,18.38732877879215
2005-12-31,108.14,1248.29,133.70429082496094,4.53625,,4.09,4.074,4.3497,12.07,13.42,,,14.2892,14.8682,15.2922,1.8002,4.53625,17.302975414603775,15.2922,0.0178418827629433,4.3911,True,4.3662600000000005,17.795971124891636,18.333719584508025
2006-01-31,110.62,1280.09,137.110387523832,4.68,,4.47,4.46,4.4519,12.95,13.0,,,13.8087,14.2734,14.6606,1.7691,4.68,16.822261026523694,14.6606,0.0175363357060742,4.5152,True,4.47722,17.388975917769226,18.01035321215832
2006-02-28,110.53,1280.66,137.17144020050992,4.8225,,4.52,4.6156,4.599,12.34,12.8,,,13.7183,14.2231,14.6222,1.7995,4.8225,16.792815185244983,14.6222,0.0178350065249135,4.551,True,4.5798000000000005,17.363978611110277,17.990435727478467
2006-03-31,111.45,1294.83,138.68918832073018,5.0,,5.0,4.6023,4.8104,11.39,12.22,,,13.1793,13.7428,14.1717,1.7875,5.0,16.445420636267855,14.1717,0.0177171208051583,4.8472,True,4.82512,17.06847031260618,17.754474151886196
2006-04-30,112.54,1310.61,140.37938347507557,5.13,,4.86,4.7578,4.9106,11.59,11.86,,,13.1614,13.6879,14.104,1.7673,5.13,16.39290026213365,14.104,0.0175186484520985,5.0505,True,4.96656,17.02369762225767,17.718641498691024
2006-05-31,108.78,1270.09,136.03928793299207,5.23813,,5.05,4.833,5.0323,16.44,16.03,,,15.2356,15.4911,15.6588,1.8506,5.23813,17.578970169652244,15.6588,0.0183368476835717,5.1186,True,5.06682,18.02872513973555,18.517879221871357
2006-06-30,108.51,1270.2,136.05107002849135,5.48063,,5.05,4.9757,5.0926,13.08,14.47,,,14.4759,14.7815,14.9311,1.8626,5.48063,17.028965352506898,14.9311,0.0184546603733128,5.1364,True,5.11012,17.564232990207312,18.149810537629165
2006-07-31,108.7,1276.66,136.74300036417395,5.46563,,5.31,5.0684,4.8963,14.95,15.39,,,15.0503,15.3843,15.6739,1.8632,5.46563,17.590291918254437,15.6739,0.0184605506434701,4.9794,True,4.92954,18.038259063364592,18.525410910432424
2006-08-31,110.71,1303.82,139.65210685289526,5.3975,,5.31,5.0297,4.6888,12.31,13.47,,,14.0546,14.5892,14.9259,1.8499,5.3975,17.0250035208462,14.9259,0.018329974848208,4.7258,True,4.7036,17.56087748771096,18.147143488558154
2006-09-30,113.12,1335.85,143.0828388423556,5.37,,5.34,4.8719,4.5777,11.98,13.71,,,13.9466,14.2412,14.5194,1.8156,5.37,16.713859545843317,14.5194,0.0179931480383233,4.6276,True,4.59766,17.296912458378422,17.936965669535425
2006-10-31,116.3,1377.94,147.59109702020095,5.37063,,5.31,5.0727,4.5614,11.1,11.63,,,12.8761,13.2674,13.6332,1.7765,5.37063,16.025315793383335,13.6332,0.0176090466858572,4.5981,True,4.57608,16.709614448214143,17.46665747008329
2006-11-30,117.96,1400.63,150.0214219918168,5.37,,5.31,5.0193,4.4436,10.91,12.49,,,13.1672,13.5829,13.9613,1.7767,5.37,16.281921292866723,13.9613,0.0176110117740995,4.4581,True,4.4494,16.929005479232046,17.642785350363525
2006-12-31,119.07,1418.3,151.9140549688309,5.36,,5.17,5.0061,4.6923,11.56,13.46,,,14.0086,14.2926,14.5784,1.772,5.36,16.75919716036865,14.5784,0.0175648311794719,4.7022,True,4.6962600000000005,17.335429846291472,17.967680395309284
2007-01-31,120.28,1438.24,154.0498275529659,5.36,,5.33,5.1031,4.7997,10.42,11.52,,13.84,12.7342,13.218,13.55,1.7639,5.36,15.959920849612296,13.55,0.0174852383410166,4.808,True,4.80302,16.653603320984004,17.421606218311194
2007-02-28,117.44,1406.82,150.68443263854675,5.34813,,5.41,5.1239,4.5191,15.42,14.74,,15.53,14.4076,14.6572,14.8378,1.8188,5.34813,16.957811122235796,14.8378,0.0180245769128186,4.5657,True,4.537739999999999,17.503947087607887,18.10187563130907
2007-03-31,118.25,1420.86,152.18825646408604,5.35,,5.3,5.0276,4.5317,14.64,15.16,,14.88,13.8225,14.3045,14.5245,1.8188,5.35,16.717780971985352,14.5245,0.0180245769128186,4.6443,True,4.57674,17.30024471431051,17.939623516923966
2007-04-30,122.98,1482.37,158.77659004734255,5.355,,5.29,4.8401,4.5106,14.22,14.02,,14.62,13.6752,14.1157,14.3323,1.7763,5.355,16.569679104570053,14.3323,0.0176070815937533,4.6222,True,4.55524,17.174296825509597,17.839083540028227
2007-05-31,126.65,1530.62,163.94464557314535,5.36,,5.28,4.7311,4.846,13.05,13.73,,14.9,14.0637,14.4445,14.6974,1.7425,5.36,16.85045593856265,14.6974,0.0172749255441819,4.8879,True,4.86276,17.412903945527272,18.029412520874317
2007-06-30,124.01,1503.35,161.02375698892487,5.36,,5.31,4.802,4.9213,16.23,16.62,,16.74,15.7946,15.8354,15.9764,1.781,5.36,17.816345116592366,15.9764,0.0176532602373179,5.0244,True,4.96254,18.228387414306113,18.67541900449344
2007-07-31,119.64,1455.28,155.8749812557572,5.35866,,5.28,4.9406,4.5614,23.52,21.55,,20.42,19.2133,18.9109,20.0023,1.8638,5.35866,20.7021422338121,20.0023,0.0184664408789322,4.7388,True,4.63236,20.61973841759792,20.53277573451239
2007-08-31,120.84,1473.99,157.8790085902187,5.62125,,4.96,4.1059,4.2442,23.38,22.68,,21.71,19.977,19.8898,21.2409,1.8742,5.62125,21.549896177339633,21.2409,0.0185685327813661,4.5292,True,4.3582,21.310583901338465,21.05989210803508
2007-09-30,124.76,1526.75,163.53013003149033,5.22875,,4.58,3.7956,4.243,18.0,18.98,,18.91,17.6923,17.9299,19.1354,1.8183,5.22875,20.098402020313625,19.1354,0.0180196662162904,4.5865,True,4.3804,20.124660030755855,20.152522213905538
2007-10-31,126.13,1549.38,165.95402840556125,4.89375,,4.6,3.9112,4.1686,18.53,19.81,,21.64,19.908,20.2246,21.5171,1.7935,4.89375,21.736677718799687,21.5171,0.0177760654021662,4.4708,True,4.289479999999999,21.462135340332527,21.174995001283563
2007-11-30,120.36,1481.14,158.64484479766938,5.13125,,4.66,3.1445,3.3818,22.87,23.93,,24.58,22.8286,22.907,24.0708,1.9064,5.13125,23.42765922151781,24.0708,0.0188845589415402,3.9379,True,3.60424,22.82385365632792,22.200994609299105
2007-12-31,118.98,1468.36,157.27597952057587,4.7025,,3.06,3.2368,3.4397,22.5,23.31,,24.32,22.2264,22.78,23.0226,1.9334,4.7025,22.741154304953575,23.0226,0.0191494728607837,4.0232,True,3.6731000000000003,22.273216797924952,21.787862078223135
2008-01-31,111.11,1378.55,147.65643409524225,3.11188,,3.22,1.9409,2.7604,26.2,25.21,22.83,24.58,22.4066,22.8215,23.017,2.0618,3.11188,22.73745913168571,23.017,0.0204083261765128,3.5931,True,3.09348,22.27024497354304,21.785626023334995
2008-02-29,107.22,1330.63,142.52372485593725,3.0575,,3.01,1.838,2.4689,26.54,26.39,26.33,25.72,23.7252,23.2713,23.1139,2.1616,3.0575,22.80135680476448,23.1139,0.0213856873206753,3.5092,True,2.88502,22.32162219844123,21.82427349668226
2008-03-31,106.48,1322.7,141.67434288040118,2.68813,,2.51,1.3156,2.4365,25.61,25.64,25.75,25.27,23.7857,23.7466,23.7505,2.1982,2.68813,23.21895540396841,23.7505,0.0217438791019485,3.4096,True,2.82574,22.656764161679593,22.075876127915752
2008-04-30,111.46,1385.59,148.41048820719362,2.85,,2.37,1.3772,3.0097,20.79,21.25,21.93,22.03,20.3065,20.4404,20.6752,2.0898,2.85,21.164800761364788,20.6752,0.0206826321351785,3.7279,True,3.29698,20.99737899938093,20.82141272651763
2008-05-31,112.63,1400.38,149.99464450204582,2.68063,,1.98,1.879,3.4177,17.83,20.53,22.04,23.0,20.8983,21.2594,21.4723,2.078,2.68063,21.706435840145975,21.4723,0.0205670409399642,4.0595,True,3.67442,21.43761343689675,21.15638343959962
2008-06-30,102.85,1280.0,137.1007476275145,2.78313,,2.47,1.7306,3.3271,23.95,23.77,24.17,24.25,22.2858,22.2032,22.0245,2.2809,2.78313,22.07774904194873,22.0245,0.0225527637704469,3.969,True,3.58386,21.73827602354726,21.384242233008138
2008-07-31,101.73,1267.38,135.7490199438745,2.79125,,2.09,1.6594,3.2351,22.94,22.67,23.22,23.82,21.7662,21.7446,21.8099,2.2896,2.79125,21.933817986446503,21.8099,0.0226378200224993,3.9462,True,3.51954,21.62183924162553,21.29608683542051
2008-08-31,102.97,1282.83,137.40386881172216,2.81063,,1.94,1.7103,3.0876,20.65,22.52,23.18,24.22,22.541,22.845,23.1246,2.2569,2.81063,22.80840712713324,23.1246,0.0223180883206264,3.8116,True,3.3772,22.327289464636358,21.828535324368985
2008-09-30,93.76,1166.36,124.9287718772092,4.0525,,2.03,0.9044,2.9793,39.39,33.03,29.77,27.91,27.016,26.4268,26.2513,2.4528,4.0525,24.824794498055475,26.2513,0.0242320187284243,3.8234,True,3.3169399999999998,23.935688900369215,23.02825834120419
2008-10-31,77.58,968.75,103.76277286262084,3.02625,,0.22,0.436,2.8277,59.89,53.57,48.44,43.5,39.4084,37.6102,36.786,2.955,3.02625,31.100521013607295,36.786,0.0291218135720185,3.953,True,3.27782,28.801805822803225,26.5510684213958
2008-11-30,71.81,896.24,95.9962297294404,2.21688,,0.52,0.0406,1.9144,55.84,54.18,49.05,45.48,41.589,39.8612,38.746,3.2099,2.21688,32.19786509223067,38.746,0.0315945926909186,2.92,True,2.31664,29.633670206472807,27.138967222895673
2008-12-31,72.23,903.25,96.74707054261924,1.425,,0.14,0.0761,1.5489,40.0,43.18,41.61,40.69,36.3002,35.4339,36.2595,3.1516,1.425,30.80246917316575,36.2595,0.0310295648000469,2.2123,True,1.81426,28.574960970569023,26.390075027897662
2009-01-31,66.01,825.88,88.4599730082905,1.18438,,0.23,0.2262,1.8751,44.84,44.6,43.78,42.52,37.1065,37.1993,36.3838,3.4081,1.18438,30.872964302992884,36.3838,0.0335131095751495,2.8403,True,2.26118,28.628649559527542,26.42820476499797
2009-02-28,58.93,735.09,78.73545982305453,1.26438,,0.22,0.2465,1.9839,46.35,45.21,44.05,42.2,36.925,36.2566,36.0797,3.8152,1.26438,30.70035579332698,36.0797,0.0374422094758663,3.0131,False,2.6817,28.49715314829116,26.33478639978948
2009-03-31,64.06,797.87,85.4598230543478,1.19188,,0.16,0.2009,1.6551,44.14,44.59,42.96,41.03,36.877,35.5901,35.1445,3.5894,1.19188,30.166477146298373,35.1445,0.035264822000274,2.6629,False,2.2464,28.089592936817102,26.044610343661027
2009-04-30,70.12,872.81,93.48664338810248,1.01625,,0.2,0.1247,2.0104,36.5,36.73,36.84,36.74,33.4678,32.6037,32.4404,3.2664,1.01625,28.595503115505387,32.4404,0.0321418710120645,3.1187,False,2.6891,26.88271907897962,25.179558270016937
2009-05-31,73.99,919.14,98.449047792464,0.65625,,0.19,0.1298,2.3399,28.92,30.43,31.8,31.52,28.2988,28.168,28.2549,3.0871,0.65625,26.07493867979457,28.2549,0.0304040759649942,3.4594,False,3.0527,24.92108171242166,23.754048839215784
2009-06-30,74.1,919.32,98.46832758509916,0.595,,0.22,0.1775,2.5546,26.35,28.76,30.08,30.61,26.7746,27.1301,27.2867,2.982,0.595,25.474640146128436,27.2867,0.029384029688158,3.5326,False,3.2048,24.44899266923708,23.40717498280383
2009-07-31,79.69,987.48,105.76894239626432,0.47938,,0.18,0.1755,2.5144,25.92,28.4,29.06,29.8,25.7987,26.0221,26.3228,2.7504,0.47938,24.86994013915823,26.3228,0.027132560324714,3.4796,False,3.1422,23.97142581761561,23.054699373477586
2009-08-31,82.54,1020.63,109.31963753989884,0.3475,,0.15,0.1268,2.385,26.01,29.17,30.13,30.61,26.4784,26.7281,27.0048,2.6408,0.3475,25.29853549367935,27.0048,0.0260653285211828,3.3975,False,3.0324,24.310123933647944,23.3048459789677
2009-09-30,85.58,1057.08,113.22379554851052,0.28688,,0.07,0.1075,2.3117,25.61,26.66,27.77,29.02,25.2389,25.6158,25.9718,2.3953,0.28688,24.64792280591497,25.9718,0.0236706271264505,3.3053,False,2.9353,23.79556648695331,22.924496475886585
2009-10-31,83.96,1036.2,110.9873396028367,0.28063,,0.11,0.0446,2.3084,30.69,29.07,29.49,29.52,25.5354,25.4696,25.4506,2.4256,0.28063,24.316401706390863,25.4506,0.0239664953725234,3.3828,False,2.9706,23.532440725502077,22.729267388525546
2009-11-30,88.97,1095.63,117.35288447119856,0.25656,,0.13,0.0466,1.9996,24.51,26.24,27.73,28.89,25.1295,25.2122,25.3679,2.2635,0.25656,24.2635921595022,25.3679,0.0223826295595668,3.1978,False,2.6859,23.490467136417166,22.698078134406988
2009-12-31,90.66,1115.1,119.43831537456396,0.25063,,0.05,0.0477,2.6788,21.68,23.89,25.66,26.33,22.8031,23.1442,23.4809,2.1158,0.25063,23.04256187076732,23.4809,0.0209372774548025,3.8368,False,3.384,22.515332934893426,21.96980433348887
2010-01-31,87.38,1073.87,115.0221717615308,0.24906,,0.12,0.069,2.3232,24.62,25.38,25.69,26.43,22.4947,22.6929,22.6548,2.1798,0.24906,22.49782219396955,22.6548,0.0215638205824433,3.5844,False,3.0576,22.077332958376154,21.640327629867986
2010-02-28,90.07,1104.49,118.30187870868272,0.25169,,0.13,0.1146,2.3018,19.5,21.65,23.01,24.01,20.5345,20.7362,21.006,2.0495,0.25169,21.39040859424289,21.006,0.0202878036967198,3.6117,False,3.0524,21.180992308102073,20.96131772968927
2010-03-31,95.51,1169.43,125.25759945159732,0.2915,,0.09,0.1501,2.5435,17.59,19.92,21.58,22.95,19.6218,20.1703,20.5776,1.8369,0.2915,21.0980084761904,20.5776,0.0182023278920218,3.8257,False,3.2752,20.94295236252406,20.779887920988465
2010-04-30,97.0,1186.69,127.10631734538704,0.34656,,0.2,0.1542,2.4164,22.05,23.67,25.26,26.8,22.1433,22.5964,22.8724,1.8129,0.34656,22.6419408361077,22.8724,0.0179666291571239,3.6532,False,3.1099,22.193394841384816,21.727778628336893
2010-05-31,89.22,1089.41,116.68666052569591,0.53625,,0.19,0.1552,2.0919,32.07,32.0,32.16,33.7,26.9669,27.4494,27.7381,1.9919,0.53625,25.755380026132254,27.7381,0.0197232123781927,3.2848,False,2.75,24.670018073651505,23.569767097600767
2010-06-30,84.46,1030.71,110.39930592746536,0.53394,,0.09,0.1704,1.7733,34.54,35.23,35.69,37.0,28.9493,28.9395,28.8751,2.1234,0.53394,26.45588369198081,28.8751,0.0210116999946822,2.9311,False,2.4121,25.219656324803736,23.97264703720661
2010-07-31,90.37,1101.6,117.99233092692982,0.45375,,0.18,0.14,1.5964,23.5,27.14,28.53,30.67,24.5433,24.9729,25.2108,2.0074,0.45375,24.163115463603443,25.2108,0.0198751736842347,2.9052,False,2.302,23.410562025216368,22.638667572592226
2010-08-31,86.25,1049.33,112.3936933656094,0.29563,,0.21,0.1268,1.3311,26.05,29.04,31.43,34.37,27.8972,28.1268,28.1621,2.1316,0.29563,26.017700518908686,28.1621,0.021091991786848,2.4683,False,1.9181,24.876152772173867,23.721102412998082
2010-09-30,93.94,1141.2,122.2338853066562,0.29,,0.15,0.1532,1.2629,23.7,26.4,29.03,31.42,25.2764,25.6709,25.7602,1.9719,0.29,24.513598638826416,25.7602,0.0195270991457063,2.5098,False,1.9061,23.689031185464835,22.845511766987617
2010-10-31,97.49,1183.26,126.73893018572905,0.28594,,0.2,0.1105,1.1661,21.2,22.95,25.62,27.31,22.6426,22.7665,22.806,1.94,0.28594,22.59801190725147,22.806,0.0192142189238042,2.5993,False,1.887,22.158031955911156,21.70114439789094
2010-11-30,97.47,1180.55,126.44866219661137,0.30031,,0.2,0.1552,1.4661,23.54,25.19,27.14,28.82,23.4368,23.5195,23.6396,1.9688,0.30031,23.146476806914023,23.6396,0.0194966981516895,2.7968,False,2.1533,22.598674620782173,22.032328189889835
2010-12-31,103.96,1257.64,134.70576894239662,0.30281,,0.13,0.1197,2.006,17.75,20.9,23.75,26.32,21.3722,21.5905,21.9135,1.8762,0.30281,22.003360366192272,21.9135,0.0185881646446661,3.2935,False,2.7006,21.67811437299799,21.338706920249756
2011-01-31,106.4,1286.12,137.75626057710883,0.30438,,0.17,0.145,1.9407,19.53,20.15,21.88,23.9,19.1637,19.6644,20.1737,1.8435,0.30438,20.820474013594495,20.1737,0.0182671353060127,3.3704,False,2.7064,20.716467990515177,20.606823164033155
2011-02-28,110.02,1327.22,142.15847989546114,0.3095,,0.16,0.1349,2.1382,18.35,20.0,21.75,23.44,19.1025,19.4077,19.6432,1.8116,0.3095,20.45312772976556,19.6432,0.0179538605560959,3.4272,False,2.8367,20.41585905859879,20.376440785295056
2011-03-31,110.0,1325.83,142.0095970523344,0.303,,0.1,0.0913,2.2766,17.74,19.84,21.93,23.58,19.3223,19.7945,20.1468,1.8289,0.303,20.80192483772492,20.1468,0.0181237678195491,3.4703,False,2.9197,20.70131159543651,20.59522607779578
2011-04-30,113.23,1363.61,146.0562113065278,0.273,,0.09,0.0355,1.967,14.75,17.5,20.25,22.45,18.3446,19.0115,19.4871,1.7993,0.273,20.344411077353843,19.4871,0.0178330418767917,3.2863,False,2.6718,20.326708837833426,20.30796716888263
2011-05-31,111.92,1345.2,144.0843169597915,0.25288,,0.1,0.0456,1.6992,15.45,17.56,20.01,22.13,18.4532,19.0754,19.7145,1.8566,0.25288,20.502689497005505,19.7145,0.018395755763421,3.0607,False,2.3872,20.456472730395397,20.407612036552468
2011-06-30,110.02,1320.64,141.4536963646885,0.24575,,0.07,0.0102,1.7608,16.52,18.91,20.97,23.97,19.3927,20.1926,20.5888,1.9144,0.24575,21.10567849868814,20.5888,0.0189630592712819,3.16,False,2.4961,20.949203953343112,20.784658837720798
2011-07-31,107.77,1292.28,138.41605792506644,0.2555,,0.11,0.0915,1.3556,25.25,22.91,23.63,25.04,20.7353,21.0366,21.3572,1.9694,0.2555,21.628642290609356,21.3572,0.0195025822871776,2.7961,False,2.0944,21.37450572059702,21.10846351509126
2011-08-31,101.85,1218.89,130.55525802789194,0.32722,,0.08,0.0102,0.9615,31.62,31.67,31.59,31.7,25.2987,24.7963,24.3659,2.1202,0.32722,23.61912833138812,24.3659,0.0209803648634932,2.2234,False,1.5639,22.976910881573534,22.315420132109356
2011-09-30,94.64,1131.42,121.18634990681475,0.37433,,0.06,0.0203,0.9518,42.96,41.24,39.23,37.96,30.8357,29.5617,28.7375,2.3021,0.37433,26.37160215164616,28.7375,0.0227600146180333,1.9154,False,1.4315,25.153665308869474,23.924384085615895
2011-10-31,105.0,1253.3,134.24091171997213,0.42944,,0.09,-0.0152,0.9599,29.96,30.37,30.99,31.69,24.4794,24.5455,24.7083,2.0742,0.42944,23.840324839033553,24.7083,0.0205298138123561,2.1133,False,1.5502,23.153455730045618,22.447186731294615
2011-11-30,104.73,1246.96,133.5618345793796,0.52889,,0.1,0.0,0.952,27.8,30.58,31.94,33.24,26.8929,27.0283,27.0857,2.1199,0.52889,25.349136400238795,27.0857,0.0209774271446025,2.068,False,1.5227,24.350043336701543,23.334275405403755
2011-12-31,105.76,1257.61,134.70255564362407,0.581,,0.04,0.0102,0.8318,23.4,26.86,28.34,30.07,24.1349,24.5571,24.768,2.1164,0.581,23.878787621334,24.768,0.0209431531198543,1.8762,False,1.3445,23.1841242842035,22.470052931170084
2012-01-31,110.47,1312.41,140.57218140142712,0.54235,,0.11,0.0508,0.7045,19.44,22.09,24.6,26.74,21.2157,21.9461,22.4193,2.0544,0.54235,22.341329333932904,22.4193,0.0203358184578385,1.7971,False,1.2383,21.95115512334452,21.545133907968335
2012-02-29,115.22,1365.68,146.27792892183163,0.48425,,0.1,0.0763,0.859,18.43,21.8,24.43,27.19,20.8492,22.0779,22.8517,2.0087,0.48425,22.62825067265655,22.8517,0.0198879177764903,1.9705,False,1.3844,22.18237554676548,21.71948028820186
2012-03-31,118.99,1408.47,150.8611640710358,0.46815,,0.09,0.0661,1.0386,15.5,18.61,21.0,23.65,18.2461,19.4909,20.2568,1.9583,0.46815,20.877724693729224,20.2568,0.0193937201756453,2.2088,False,1.6067,20.76323188083704,20.64259274590113
2012-04-30,118.16,1397.91,149.73008290310884,0.46585,,0.16,0.0915,0.8079,17.15,19.32,21.7,25.43,19.351,20.3797,21.1366,1.9905,0.46585,21.479153365103897,21.1366,0.0197094857037343,1.9137,False,1.318,21.253123094132512,21.016201433024445
2012-05-31,111.02,1310.33,140.34939268653252,0.46685,,0.16,0.0659,0.6552,24.06,26.22,27.74,30.4,23.3605,23.6358,23.9538,2.156,0.46685,23.351530877062142,23.9538,0.0213308707018289,1.5578,False,1.0091,22.76293582943704,22.15540323038242
2012-06-30,115.61,1362.16,145.90090186585607,0.4606,,0.09,0.0811,0.7181,17.08,20.32,22.87,26.03,20.9513,21.7545,22.4834,2.0989,0.4606,22.383978464349024,22.4834,0.0207717653732669,1.6449,False,1.1047,21.9855581010617,21.571101417252084
2012-07-31,117.15,1379.32,147.7389087637375,0.4426,,0.13,0.0963,0.581,18.93,20.78,23.27,25.79,20.6484,21.2961,21.8378,2.0891,0.4426,21.952556868873582,21.8378,0.0206757754031656,1.4679,False,0.9676,21.63700626983783,21.307576132905304
2012-08-31,119.74,1406.58,150.65872624836717,0.41825,,0.13,0.071,0.59,17.47,20.62,23.27,26.75,21.8486,22.5981,23.1691,2.1051,0.41825,22.837716950702493,23.1691,0.0208324889634209,1.5484,False,0.9954,22.35084624557454,21.84624752929537
2012-09-30,122.8,1440.67,154.3101047535406,0.3585,,0.09,0.0913,0.625,15.73,17.61,20.37,23.32,18.9566,19.9843,20.7392,2.0686,0.3585,21.208542155915197,20.7392,0.0204749502560474,1.6335,False,1.0488,21.03300564182519,20.848580619718863
2012-10-31,120.45,1412.16,151.25639982005583,0.31275,,0.18,0.1065,0.7213,18.6,19.31,20.73,23.41,18.9144,19.6834,20.266,2.1327,0.31275,20.884058117116005,20.266,0.0211027621466221,1.6901,False,1.1405,20.76840378073712,20.64654757639161
2012-11-30,121.11,1416.18,151.6869818555735,0.3105,,0.16,0.0761,0.617,15.87,17.27,19.33,21.22,17.9211,18.6276,19.164,2.1877,0.3105,20.118463059547395,19.164,0.0216411322881102,1.6156,False,1.0395,20.141152788443,20.16522426995245
2012-12-31,122.08,1426.19,152.75915254600432,0.306,,0.09,0.0406,0.7229,18.02,18.73,20.25,21.76,18.6761,19.6139,20.3196,2.2416,0.306,20.92093823106357,20.3196,0.022168453970951,1.7574,False,1.1787,20.798514665279605,20.669568150886068
2013-01-31,128.38,1498.11,160.46250080332527,0.298,,0.15,0.071,0.8782,14.28,15.55,17.25,19.02,15.5877,16.702,17.5446,2.148,0.298,18.9662817675631,17.5446,0.0212525560334515,1.9849,False,1.3844,19.18903189191873,19.42792839290176
2013-02-28,130.1,1514.68,162.2373128253472,0.2871,,0.14,0.1014,0.7612,15.51,16.18,17.4,19.34,15.6598,16.8718,17.7241,2.1682,0.2871,19.095683291061263,17.7241,0.0214502887640506,1.8756,False,1.25,19.296469780200514,19.51154099871863
2013-03-31,134.79,1569.19,168.07587669501578,0.2826,,0.13,0.071,0.7644,12.7,14.64,16.61,18.67,15.5293,16.7363,17.5494,2.1011,0.2826,18.96974778982465,17.5494,0.0207933128757163,1.8486,False,1.2121,19.191911323075853,19.430170692117716
2013-04-30,137.33,1597.57,171.11565733381957,0.2731,,0.14,0.0456,0.676,13.52,14.78,16.48,18.44,15.2661,16.381,17.2414,2.0755,0.2731,18.74670176182557,17.2414,0.0205425495646008,1.6717,False,1.1087,19.006420971258283,19.285564535063685
2013-05-31,140.5,1630.74,174.6684946766358,0.27525,,0.09,0.0253,1.0177,16.3,17.13,18.41,20.34,16.8255,17.6346,18.4609,2.0781,0.27525,19.622353456168703,18.4609,0.0205680205825025,2.1282,False,1.5263,19.732414919262027,19.849717170827592
2013-06-30,138.42,1606.28,172.04858507744123,0.2731,,0.07,0.0304,1.3945,16.86,18.39,19.79,20.67,17.7452,18.1633,18.6907,2.131,0.2731,19.78518027236216,18.6907,0.0210861169962598,2.4857,False,1.9398,19.866767273296297,19.953589496059248
2013-07-31,145.46,1685.73,180.55847132666477,0.2656,,0.09,0.0355,1.3782,13.45,14.92,16.81,19.2,15.5403,16.2892,16.9094,2.0514,0.2656,18.50478857811894,16.9094,0.0203064219389721,2.5762,False,2.0,18.804793324551802,19.128007865407053
2013-08-31,141.19,1632.97,174.90734988539307,0.2595,,0.07,0.0203,1.6407,17.01,18.05,19.18,20.95,17.4981,18.2034,18.7009,2.1448,0.2595,19.7923921173954,18.7009,0.0212212284487274,2.7839,False,2.2512,19.872713356825297,19.9581828593064
2013-09-30,145.48,1681.55,180.11075169769356,0.24885,,0.06,0.0051,1.3815,16.6,16.8,18.09,19.58,16.5215,17.2399,17.8215,2.0914,0.24885,19.16571676549542,17.8215,0.0206983044889509,2.61,False,2.0048,19.35456195660813,19.556705952595465
2013-10-31,152.15,1756.54,188.14292752940244,0.242,,0.07,0.0355,1.3294,13.75,15.25,16.87,18.85,15.5259,16.4728,17.2757,2.0168,0.242,18.77160605649635,17.2757,0.019967319616008,2.5542,False,1.9661,19.027151468920696,19.301741909837816
2013-11-30,156.75,1805.81,193.4202352134709,0.2391,,0.07,0.0558,1.3701,13.7,15.03,16.86,18.75,15.6753,16.9156,17.8622,1.9699,0.2391,19.194943602291612,17.8622,0.0195074857069697,2.7445,False,2.0917,19.378794136181295,19.575536505242663
2013-12-31,160.53,1848.36,197.97776397249487,0.2461,,0.07,0.0659,1.7411,13.72,14.77,16.31,18.25,15.2286,16.3513,17.2158,1.893,0.2461,18.728103578807023,17.2158,0.0187530570821696,3.0282,False,2.4508,18.990936509243593,19.273478330565066
2014-01-31,154.91,1782.59,190.9331419635405,0.2366,,0.07,0.0203,1.4902,18.41,18.09,18.63,19.43,16.5719,17.3435,17.9287,1.9825,0.2366,19.242649997216464,17.9287,0.0196310439491481,2.644,False,2.1226,19.418333678666357,19.60625057192951
2014-02-28,161.97,1859.45,199.16561341873637,0.23565,,0.06,0.0456,1.5016,14.0,15.8,16.86,18.42,15.0759,15.9935,16.6393,1.9383,0.23565,18.306813778372653,16.6393,0.0191975423083916,2.6476,False,2.1208,18.63943615281721,18.99850263585772
2014-03-31,163.2,1872.34,200.54626079132905,0.2306,,0.06,0.0304,1.7184,13.88,15.08,16.57,18.17,15.0103,15.8315,16.337,1.9438,0.2306,18.08396747001867,16.337,0.019251495058548,2.718,False,2.2986,18.45292197056233,18.852108807665747
2014-04-30,164.38,1883.95,201.78980741629417,0.22335,,0.09,0.0253,1.6757,13.41,14.7,16.17,17.79,14.7887,15.4726,15.9329,1.9477,0.22335,17.783926345785112,15.9329,0.0192897506994205,2.6459,False,2.2306,18.201147327862177,18.65394927921307
2014-05-31,168.19,1923.57,206.033503995202,0.2274,,0.08,0.0304,1.5391,11.4,13.75,15.73,17.58,14.4408,15.1182,15.5438,1.9316,0.2274,17.49262564981103,15.5438,0.0191318141160257,2.4759,False,2.0578,17.955979149766904,18.460380421158867
2014-06-30,171.57,1960.23,209.96015509522127,0.2307,,0.09,0.0203,1.6299,11.57,13.01,14.74,17.16,14.2765,15.0734,15.8176,1.9118,0.2307,17.697855450171843,15.8176,0.0189375473400372,2.5304,False,2.1347,18.12878253532506,18.596877702328612
2014-07-31,169.13,1930.67,206.7939847046984,0.2391,,0.08,0.0203,1.7529,16.95,16.38,17.1,18.95,15.8557,16.5884,17.3808,1.9518,0.2391,18.84781430106216,17.3808,0.0193299665900976,2.5578,False,2.233,19.090557186396808,19.35119634757608
2014-08-31,175.87,2003.37,214.58087873010504,0.2336,,0.07,0.0203,1.625,11.98,14.27,15.99,18.11,15.0359,16.0075,17.0342,1.9046,0.2336,18.595907996178916,17.0342,0.0188668955180739,2.3431,False,2.0409,18.880793750543052,19.187441989646647
2014-09-30,173.41,1972.29,211.25190120177447,0.2351,,0.07,0.0152,1.7566,16.31,17.08,18.3,19.59,16.1012,16.9324,17.7638,1.9558,0.2351,19.124244150395,17.7638,0.0193692000468252,2.4888,False,2.2025,19.320165366037813,19.529967402745847
2014-10-31,177.47,2018.05,216.15325292945815,0.2321,,0.07,0.0051,1.6095,14.03,16.51,18.16,19.68,16.0254,16.821,17.5712,1.921,0.2321,18.985485348660372,17.5712,0.0190278174045827,2.3353,False,2.0385,19.204984267275517,19.440350008595527
2014-11-30,182.3,2067.56,221.45626700370687,0.2336,,0.08,0.0101,1.4805,13.33,15.93,17.94,19.43,15.8562,16.8739,17.7451,1.9167,0.2336,19.11079369341062,17.7451,0.0189856269756224,2.164,False,1.8798,19.309006951091728,19.52129093215468
2014-12-31,181.7,2058.9,220.52869475803945,0.2556,,0.06,0.0355,1.6528,19.2,19.74,20.42,21.34,17.2561,18.0787,18.7749,1.9501,0.2556,19.844674302432132,18.7749,0.0193132919048687,2.1712,False,1.9712,19.915807841206465,19.991463973814874
2015-01-31,176.03,1994.99,213.68329727298124,0.2531,,0.06,0.0,1.1548,20.97,21.82,21.87,22.34,18.0215,18.8188,19.5334,2.0155,0.2531,20.376687014437845,19.5334,0.019954576535623,1.6407,False,1.4599,20.353184741996692,20.328309741991532
2015-02-28,186.15,2104.5,225.41290889226968,0.26185,,0.06,0.0101,1.4988,13.34,16.89,18.41,20.06,15.5213,16.5679,17.5059,1.9464,0.26185,18.938325450878356,17.5059,0.0192769989817395,1.993,False,1.8169,19.16580347125426,19.409836884799727
2015-03-31,183.1,2067.89,221.4916132902045,0.27075,,0.06,0.0203,1.3701,15.29,17.54,19.12,20.38,16.6751,17.4907,18.3352,1.9975,0.27075,19.53300301307212,18.3352,0.0197781171918879,1.9231,False,1.7072,19.658605024995964,19.792582811030197
2015-04-30,184.72,2085.51,223.37889076926464,0.27875,,0.08,0.0,1.4254,14.55,16.48,18.3,20.27,16.6413,17.7279,18.6077,1.9903,0.27875,19.726446985058537,18.6077,0.0197075247348588,2.0317,False,1.7906,19.818327901033815,19.91615813560097
2015-05-31,187.12,2107.39,225.72245667402245,0.28375,,0.08,0.0,1.4853,13.84,15.38,17.33,19.34,15.731,16.8826,17.7379,1.9896,0.28375,19.10561365319364,17.7379,0.0197006613135118,2.1214,False,1.8654,19.30470924750883,19.517948849642416
2015-06-30,183.24,2063.11,220.97962768578313,0.2832,,0.08,0.0051,1.6479,18.23,18.47,18.95,20.02,16.558,17.1996,17.8724,2.05,0.2832,19.202264797886254,17.8724,0.0202927032677624,2.3531,False,2.0792,19.38486315786298,19.580251822021026
2015-07-31,187.17,2103.84,225.34221631927429,0.3086,,0.08,0.061,1.5287,12.12,14.9,16.45,18.26,15.306,16.1984,16.8901,2.0227,0.3086,18.490677289792444,16.8901,0.020025151555428,2.1801,False,1.9137,18.793017473247975,19.118793915581666
2015-08-31,175.64,1972.18,211.2401191062754,0.329,,0.08,0.0,1.5478,28.43,26.53,25.45,24.78,19.8018,19.4683,19.3954,2.1789,0.329,20.280411341412975,19.3954,0.0215550125405052,2.2179,False,1.947,20.274187711574253,20.267594821038323
2015-09-30,171.12,1920.03,205.654334740045,0.325,,0.07,-0.0203,1.3572,24.5,24.75,24.09,24.28,20.2331,20.0419,19.995,2.2498,0.325,20.697094974335037,19.995,0.0222486529426867,2.0368,False,1.7357,20.615610371397423,20.529613893313407
2015-10-31,185.91,2079.36,222.720164520898,0.3341,,0.07,0.0712,1.5185,15.07,18.4,19.84,21.19,16.8318,17.608,18.2407,2.0892,0.3341,19.465696273955825,18.2407,0.0206767549391887,2.1421,False,1.8846,19.602964936327343,19.749480500196917
2015-11-30,186.45,2080.41,222.83262997793616,0.4162,,0.08,0.1678,1.6446,16.13,18.49,20.11,21.86,17.44,18.2464,18.7921,2.1017,0.4162,19.856816571997538,18.7921,0.0207991893867142,2.206,False,1.988,19.92581340682759,19.99918871780614
2015-12-31,183.26,2043.94,218.9263297701429,0.6127,,0.2,0.1627,1.7598,18.21,19.8,20.59,22.21,17.4903,18.1469,18.6275,2.1461,0.6127,19.740465944691987,18.6275,0.0212339553983861,2.2694,False,2.0912,19.829892162754074,19.92509629680149
2016-01-31,173.76,1940.24,207.81902701313257,0.6126,,0.29,0.3103,1.328,20.2,22.66,22.82,24.01,18.853,19.3464,19.6572,2.2735,0.6126,20.462864059279244,19.6572,0.022480411379071,1.9209,False,1.6669,20.423838937275328,20.38256652197188
2016-02-29,173.71,1932.23,206.9610762408698,0.6331,,0.29,0.3154,1.2123,20.55,22.39,23.57,24.59,19.5487,20.0791,20.4824,2.2901,0.6331,21.03275721772192,20.4824,0.0226427080930166,1.7347,False,1.5165,20.889751683638778,20.739274378572514
2016-03-31,185.57,2059.74,220.61866712367015,0.6286,,0.25,0.1983,1.2048,13.95,17.08,19.03,20.74,16.403,17.2319,17.8513,2.1927,0.6286,19.18711843735861,17.8513,0.0216900606589422,1.7687,False,1.5331,19.3723068832862,19.570495867444702
2016-04-30,186.25,2065.3,221.21419849617715,0.6366,,0.3,0.2085,1.294,15.7,18.45,20.28,21.65,17.1693,17.8111,18.2865,2.1854,0.6366,19.498331315456493,18.2865,0.0216186244336019,1.8333,False,1.6155,19.62994745534476,19.77038637770254
2016-05-31,189.5,2096.96,224.60529980077652,0.6858,,0.29,0.2849,1.3718,14.19,16.63,19.03,20.93,16.4736,17.1704,17.7341,2.1704,0.6858,19.10287946163908,17.7341,0.021471821651132,1.8458,False,1.663,19.30244069752264,19.516184656574538
2016-06-30,189.89,2098.86,224.8088087230361,0.6541,,0.3,0.2587,0.9997,15.63,18.09,19.79,21.66,16.984,17.558,18.1134,2.1773,0.6541,19.374844718924894,18.1134,0.0215393536077199,1.4697,False,1.279,19.527806567408792,19.69121323209761
2016-07-31,196.98,2173.6,232.8142070649739,0.7591,,0.3,0.2536,1.0237,11.87,15.42,17.88,20.39,15.8939,16.8574,17.6362,2.1031,0.7591,19.032370832763142,17.6362,0.0208129011114143,1.4531,False,1.2875,19.24391982514068,19.47065791478161
2016-08-31,197.09,2170.95,232.53036567340123,0.83933,,0.3,0.3298,1.1977,13.42,16.14,18.5,20.56,16.1494,16.9127,17.5121,2.1254,0.83933,18.942805619883096,17.5121,0.0210312839530709,1.58,False,1.4551,19.169526378768804,19.41273682020196
2016-09-30,196.88,2168.27,232.2433109830562,0.85367,,0.29,0.2739,1.1492,13.29,16.37,18.44,20.29,16.1278,16.814,17.4738,2.1274,0.85367,18.91512130668648,17.4738,0.0210508675279356,1.5944,False,1.4221,19.146518890393235,19.394813199786253
2016-10-31,193.21,2126.15,227.73183950643832,0.88428,,0.31,0.2993,1.3067,17.06,17.85,19.23,20.68,16.7931,17.3852,17.8785,2.169,0.88428,19.20664249707228,17.8785,0.0214581189584548,1.8255,False,1.6155,19.388491923579778,19.58307102300181
2016-11-30,200.38,2198.81,235.51444913348152,0.93417,,0.31,0.4771,1.842,13.33,16.1,18.25,19.91,16.2824,17.0838,17.6283,2.1182,0.93417,19.026675509594185,17.6283,0.0209607799078721,2.3809,False,2.1904,19.239191120075386,19.46697778961305
2016-12-31,204.28,2238.83,239.8009896960232,0.99789,,0.55,0.4974,1.9274,14.04,16.54,18.57,20.36,16.3579,17.4574,18.223,2.0872,0.99789,19.45307675512055,18.223,0.0206571640364197,2.4443,False,2.2451,19.592529000833668,19.741393025297196
2017-01-31,207.78,2278.87,244.08967245774636,1.03456,,0.56,0.5127,1.9129,11.99,14.48,16.7,18.88,14.9442,16.3239,17.2081,2.053,1.03456,18.722507798246134,17.2081,0.0203221001899068,2.4531,False,2.2476,18.986277040055263,19.269840994585095
2017-02-28,215.84,2363.64,253.16938368929675,1.064,,0.57,0.6042,1.9294,12.92,15.28,16.95,18.48,14.7994,15.8464,16.5875,1.9894,1.064,18.268724454051227,16.5875,0.0196987003273319,2.3899,False,2.2219,18.607585691218876,18.973527434771995
2017-03-31,215.81,2362.72,253.07084252693943,1.14956,,0.82,0.7516,1.9212,12.37,13.6,15.25,16.95,13.9428,15.0847,15.8995,1.9688,1.14956,17.75901474480368,15.8995,0.0194966981516895,2.3874,False,2.2098,18.180209155463434,18.637441470015247
2017-04-30,217.76,2384.2,255.37156444806365,1.17233,,0.83,0.7923,1.8142,10.82,12.93,14.74,16.7,13.5854,14.6754,15.4876,1.9595,1.17233,17.450352342250184,15.4876,0.0194054896239232,2.2802,False,2.0941,17.9203401220719,18.432191535029524
2017-05-31,220.55,2411.8,258.32779931878196,1.21,,0.83,0.9706,1.7516,10.41,12.63,14.94,17.18,14.0635,15.2602,16.1233,1.9712,1.21,17.9256078058031,16.1233,0.0195202344859066,2.2028,False,2.0168,18.320130935853072,18.747673793439912
2017-06-30,221.67,2423.41,259.57134594374725,1.29917,,1.06,1.0113,1.8884,11.18,13.14,14.86,17.12,14.0785,15.1414,15.7952,1.9714,1.29917,17.681109826480885,15.7952,0.0195221958220864,2.3037,False,2.1402,18.11469621143698,18.585762202894525
2017-07-31,225.97,2470.3,264.59373192519575,1.31056,,1.07,1.0724,1.8356,10.26,12.47,13.94,15.8,12.8152,13.8933,14.6935,1.9761,1.31056,16.84746900207904,14.6935,0.0195682861149396,2.2942,False,2.1129,17.410369377196798,18.027393956385115
2017-08-31,226.15,2471.65,264.7383303699593,1.31778,,1.07,0.991,1.702,10.59,13.8,15.46,17.14,13.8942,14.5763,15.0207,2.0022,1.31778,17.09715899280728,15.0207,0.0198241956910311,2.117,False,1.9422,17.62196824133503,18.195681763777934
2017-09-30,230.51,2519.36,269.8485465178566,1.33389,,1.06,1.0405,1.936,9.51,12.49,14.81,16.64,13.5396,14.4705,15.333,1.9679,1.33389,17.333799480508667,15.333,0.0194878718835386,2.3336,False,2.1685,17.82199867308213,18.354340589922575
2017-10-31,235.7,2575.26,275.835993230652,1.38122,,1.07,1.1312,2.0165,10.18,12.38,14.6,16.41,12.9385,14.2223,15.2045,1.9321,1.38122,17.236626192055905,15.2045,0.0191367193541824,2.3793,False,2.2306,17.73991830556546,18.289286612178678
2017-11-30,242.59,2647.58,283.5821854716065,1.48738,,1.07,1.256,2.1375,11.28,13.04,15.15,17.78,13.6959,14.6933,15.5082,1.902,1.48738,17.465853443603645,15.5082,0.0188413811333568,2.4097,False,2.3073,17.933410305875046,18.44253097056066
2017-12-31,244.89,2673.61,286.370257706563,1.69428,,1.33,1.3757,2.2064,11.04,13.09,15.11,16.68,13.6427,14.8737,15.9109,1.8878,1.69428,17.76751945812629,15.9109,0.0187020218521467,2.4054,False,2.3327,18.187357947639335,18.64307812352236
2018-01-31,258.59,2823.81,302.45817356097933,1.77777,,1.34,1.4551,2.5139,13.54,14.9,16.06,17.22,14.5019,15.6454,16.4624,1.7977,1.77777,18.17657327069608,16.4624,0.0178173245528623,2.705,False,2.6477,18.530479265761308,18.913024339851628
2018-02-28,248.41,2713.83,290.6782202609212,2.01719,,1.35,1.6518,2.6401,19.85,19.89,19.99,19.75,16.3446,17.0778,17.597,1.8843,2.01719,19.004102159764024,17.597,0.0186676697499664,2.8606,False,2.7945,19.220446458964567,19.452387660750624
2018-03-31,241.45,2640.87,282.86347764615266,2.31175,,1.68,1.7001,2.562,19.97,20.55,21.05,20.87,17.9479,18.1014,18.2592,1.9531,2.31175,19.47888182193309,18.2592,0.0193427176323729,2.7389,False,2.6841,19.613867666975803,19.757928663116214
2018-04-30,241.82,2648.05,283.6325271523758,2.36294,,1.69,1.7996,2.7972,15.93,17.34,18.33,18.9,16.0608,16.4636,16.8422,1.9569,2.36294,18.45563182001171,16.8422,0.0193799889775785,2.9531,False,2.9123,18.76376511844853,19.095899802253506
2018-05-31,247.16,2705.27,289.761359011162,2.32125,,1.7,1.8946,2.6962,15.43,16.33,17.54,18.22,15.2349,15.9138,16.5997,1.9247,2.32125,18.277698849754756,16.5997,0.0190641193722024,2.8586,False,2.8057,18.615091189380156,18.979413679529586
2018-06-30,248.29,2718.37,291.16449947516236,2.33575,,1.91,1.9123,2.7378,16.09,17.14,18.09,18.67,15.7846,16.3329,16.8361,1.9282,2.33575,18.451166453067597,16.8361,0.0190984578584377,2.8601,False,2.8218,18.76003717595013,19.092981567261322
2018-07-31,257.0,2816.29,301.6527066686672,2.34856,,1.91,2.0203,2.8479,12.83,14.87,16.21,17.42,14.224,15.2783,16.0837,1.8387,2.34856,17.89618639635507,16.0837,0.0182200030578252,2.9598,False,2.9247,18.29543681740004,18.728233585977122
2018-08-31,264.76,2901.52,310.78168848139603,2.32075,,1.91,2.0938,2.7382,12.86,15.15,16.43,17.41,14.36,15.1074,15.6847,1.7998,2.32075,17.598387371563078,15.6847,0.0178379534898588,2.8604,False,2.8094,18.045075485149727,18.53079524085797
2018-09-30,265.83,2913.98,312.11627857158277,2.39838,,2.18,2.1964,2.9529,12.12,14.77,15.98,17.22,14.2706,15.2426,15.9617,1.7998,2.39838,17.805393090026303,15.9617,0.0178379534898588,3.0612,False,3.0199,18.219185894044706,18.668167502761168
2018-10-31,246.89,2711.74,290.4543604464353,2.5585,,2.2,2.3251,2.9749,21.23,21.15,21.0,20.7,17.7237,17.7145,17.8306,1.9479,2.5585,19.172253434626057,17.8306,0.0192917124877083,3.1435,False,3.0624,19.359982129264456,19.56091837972913
2018-11-30,251.19,2760.17,295.6416957648733,2.73613,,2.2,2.3424,2.8125,18.07,18.89,19.49,20.03,17.2242,17.4946,17.8204,1.9335,2.73613,19.164926543613237,17.8204,0.019150453893016,2.9879,False,2.8973,19.35390668625836,19.55619667387452
2018-12-31,227.84,2506.85,268.5086009297153,2.80763,,2.4,2.3549,2.5111,25.42,23.73,22.93,22.17,19.3862,19.0356,18.8424,2.1485,2.80763,19.89230449754959,18.8424,0.0212574508799124,2.6842,False,2.5857,19.955050167858843,20.02175567606744
2019-01-31,245.96,2704.1,289.6360403590335,2.7375,2.4542,2.4,2.3839,2.4365,16.57,17.88,18.44,18.89,16.3518,16.8945,17.277,2.004,2.7158100000000003,18.7725496279874,17.277,0.0198418422135393,2.6293,False,2.5172,19.02793680723425,19.30235468111828
2019-02-28,253.26,2784.49,298.24660996979594,2.61513,2.4599,2.4,2.4326,2.5122,14.78,16.1,16.93,17.7,15.0557,15.9355,16.5842,1.9726,2.7215100000000003,18.266296577062292,16.5842,0.0195339637583828,2.715,False,2.6205,18.60555508726945,18.971934823791422
2019-03-31,257.61,2834.4,303.59246802767825,2.59975,2.4127,2.43,2.3809,2.233,13.71,15.8,16.89,17.73,15.109,15.9618,16.647,1.9442,2.67431,18.312472341766068,16.647,0.0192554187813763,2.405,False,2.3132,18.64416685677638,19.002211326518395
2019-04-30,267.67,2945.83,315.5277307684079,2.57563,2.4362,2.45,2.4099,2.2783,13.12,15.23,16.43,17.53,14.596,15.6314,16.3933,1.8792,2.69781,18.125573163667063,16.3933,0.0186176117169912,2.5018,False,2.3872,18.48777547788502,18.87949096275481
2019-05-31,249.87,2752.06,294.77303399670194,2.5025,2.4304,2.4,2.3399,1.911,18.71,18.83,19.14,19.23,16.9091,17.0854,17.326,2.0303,2.69201,18.808097847388396,17.326,0.0200996420064727,2.1246,False,2.0167,19.05751859193903,19.32543203641924
2019-06-30,266.89,2941.76,315.091793234936,2.31988,2.1804,2.4,2.0868,1.7664,15.08,16.06,16.96,17.73,15.0352,15.8282,16.3233,1.9082,2.44201,18.07383597449536,16.3233,0.0189022220530155,2.0051,False,1.875,18.444432544443305,18.84543740511575
2019-07-31,270.33,2980.38,319.22837985476,2.26563,2.1115,2.4,2.0616,1.8272,16.12,16.91,17.47,18.09,15.3088,15.9127,16.3315,1.891,2.37311,18.079900420338188,16.3315,0.0187334284557802,2.0144,False,1.9133,18.449514193111906,18.84943089609594
2019-08-31,265.12,2926.46,313.4530108609511,2.13763,1.9139,2.13,1.9765,1.3865,18.98,19.54,19.85,19.86,17.2632,17.4469,17.585,1.9486,2.17551,18.99544430592214,17.585,0.0192985787164077,1.4961,False,1.4505,19.21325601599317,19.44679002284218
2019-09-30,269.81,2976.74,318.8384996036945,2.08513,1.828,1.9,1.8071,1.544,16.24,17.96,19.02,19.6,16.9506,17.4916,17.6532,1.9223,2.08961,19.044623719896176,17.6532,0.0190405723001325,1.6646,False,1.6131,19.25409227748412,19.478573940882427
2019-10-31,275.0,3037.56,325.3529273151833,1.90225,1.6055,1.58,1.524,1.5195,13.22,16.05,17.71,19.12,16.2219,16.8272,17.1329,1.8967,1.86711,18.66781431290565,17.1329,0.0187893690253189,1.691,False,1.6037,18.940721986903963,19.234268346048925
2019-11-30,284.78,3140.98,336.4302392836501,1.9055,1.6167,1.56,1.5672,1.6259,12.62,15.51,17.41,18.94,16.0265,16.5268,16.9834,1.8539,1.87831,18.5588445583565,16.9834,0.0183692475569205,1.7758,False,1.7274,18.849888119863778,19.163279732903884
2019-12-31,292.39,3230.78,346.0487136093931,1.90838,1.5714,1.55,1.5436,1.691,13.78,15.87,17.13,18.5,15.5994,16.1544,16.6793,1.8169,1.83301,18.336199451758254,16.6793,0.0180059161377183,1.9175,False,1.8313,18.664000482923537,19.017757765977795
2020-01-31,291.75,3225.52,345.4853152246113,1.75113,1.5721,1.59,1.5382,1.3134,18.84,18.63,18.34,18.57,15.8534,16.0719,16.3765,1.8336,1.83371,18.11316293853608,16.3765,0.018169922609958,1.5068,False,1.4199,18.477380806768167,18.871325787322007
2020-02-29,267.05,2954.22,316.426383325123,1.46275,1.4043,1.58,1.267,0.9356,40.11,29.85,25.91,23.14,20.7155,19.3122,18.6798,2.0445,1.6659100000000002,19.77747205236222,18.6798,0.0202388066659301,1.1486,False,1.0623,19.860411505655186,19.94867929997942
2020-03-31,233.59,2584.59,276.8353291489056,1.4505,0.0581,0.08,0.061,0.3799,53.54,48.32,42.47,34.12,29.7021,26.8955,25.092,2.3375,0.31971,24.086996273812844,25.092,0.0231059887144751,0.6695,False,0.5407,23.349987900951533,22.593598674712272
2020-04-30,263.83,2912.43,311.95025813500274,0.55613,0.02628,0.05,0.0788,0.3624,34.15,35.05,34.49,31.61,26.572,24.5606,23.3197,2.0761,0.28789,22.93677096424302,23.3197,0.0205484275493926,0.6393,False,0.5342,22.430417596813154,21.906044935178148
2020-05-31,276.51,3044.31,326.07591953900015,0.344,0.0741,0.05,0.1246,0.3036,27.51,30.27,31.96,29.29,23.4275,22.2135,21.6615,1.9907,0.33571,21.83401183094551,21.6615,0.0197114466687644,0.6526,False,0.4977,21.541018221024608,21.23483204301305
2020-06-30,281.92,3100.29,332.07193504852205,0.302,0.0671,0.08,0.1293,0.2878,30.43,32.52,33.13,30.27,24.3552,23.4175,22.8247,1.953,0.32871,22.61038774845132,22.8247,0.0193417367887394,0.6561,False,0.4909,22.167995778705237,21.708649832896324
2020-07-31,297.73,3271.12,350.369529358841,0.24875,0.0715,0.1,0.0837,0.2044,24.46,29.71,31.21,30.53,22.8219,22.2809,22.0016,1.8506,0.33311,22.06241239884847,22.0016,0.0183368476835717,0.5282,False,0.3818,21.72587552376386,21.374858891741408
2020-08-31,319.21,3500.31,374.9180608813019,0.24088,0.0698,0.09,0.0938,0.2673,26.41,31.85,32.2,34.46,23.0058,22.4685,22.1293,1.7225,0.33141,22.1478685176052,22.1293,0.0170783315347511,0.7048,False,0.4886,21.794951779941414,21.42711252919652
2020-09-30,306.77,3363.0,360.21079239947824,0.23388,0.0719,0.09,0.0915,0.2768,26.37,31.64,32.18,30.95,23.9797,23.1197,22.6381,1.7898,0.33351,22.48674267301595,22.6381,0.0177397166446757,0.684,False,0.4704,22.06840488347333,21.633596061210774
2020-10-31,298.78,3269.96,350.2452818063033,0.21575,0.0829,0.09,0.0864,0.3844,38.02,36.27,34.3,32.7,24.9286,23.7776,23.133,1.8379,0.34451,22.8139412007754,23.133,0.0182121474671485,0.8737,False,0.6419,22.33173770391013,21.831880259537776
2020-11-30,331.59,3621.63,387.91264111737235,0.22763,0.07225,0.09,0.0712,0.3608,20.57,24.33,25.97,26.78,20.2401,20.4587,20.5327,1.6612,0.33386,21.067245976543543,20.5327,0.0164755300137225,0.8389,False,0.6113,20.91787474296779,20.760746569048774
2020-12-31,343.81,3756.07,402.3125040166248,0.23838,0.06521,0.09,0.0583,0.3608,22.75,25.28,27.29,27.62,20.5129,20.7736,20.8036,1.5719,0.32682,21.252511721003156,20.8036,0.0155967360992761,0.9132,False,0.6433,21.068804881832783,20.875869433366518
2021-01-31,339.82,3714.24,397.8320944281411,0.20188,0.04702,0.07,0.0482,0.4193,33.09,33.88,33.96,31.92,24.2211,23.8749,23.4799,1.5891,0.30863,23.041906344348277,23.4799,0.0157660599364406,1.0655,False,0.7546,22.51480697757986,21.969409585030853
2021-02-28,349.35,3811.15,408.2121205629712,0.18838,0.04962,0.07,0.033,0.7313,27.95,29.6,31.3,29.37,22.8098,22.6772,22.5279,1.5173,0.31123,22.4135629360408,22.5279,0.0150590413196869,1.4049,False,1.118,22.009415566565007,21.589103622798486
2021-03-31,364.75,3972.89,425.5360853452167,0.19425,0.02184,0.06,0.0152,0.9393,19.4,22.15,24.3,24.64,18.8087,19.481,19.73,1.4585,0.28345,20.51345591421093,19.73,0.0144796618897762,1.7404,False,1.4195,20.465293009179454,20.414379767708418
2021-04-30,383.78,4181.17,447.84494762323146,0.17638,0.03138,0.05,0.0025,0.8461,18.61,22.07,24.19,24.49,18.5832,18.9783,19.1726,1.3835,0.29299,20.124493455752315,19.1726,0.0137401700348566,1.6259,False,1.3086,20.146109975564563,20.16904162598034
2021-05-31,386.35,4204.11,450.3020500846182,0.13138,0.02631,0.05,0.0025,0.7995,16.76,20.48,23.11,23.82,17.6351,18.1463,18.4841,1.3732,0.28792,19.63882243813782,18.4841,0.0136385704328818,1.5943,False,1.2617,19.746012914725227,19.860237647063574
2021-06-30,395.12,4297.5,460.3050491634728,0.14575,0.04705,0.08,0.0406,0.8894,15.83,19.51,22.29,23.49,17.422,18.088,18.5627,1.3546,0.30866,19.69456727988816,18.5627,0.0134550731517769,1.468,False,1.236,19.792024807712487,19.89582366378255
2021-07-31,404.42,4395.26,470.7761187635244,0.11775,0.04822,0.07,0.0406,0.6904,18.24,22.18,24.37,25.3,18.3134,18.6048,18.7332,1.3308,0.30983,19.815221016194062,18.7332,0.0132202264375154,1.2223,False,0.9954,19.891532967971475,19.97271896189209
2021-08-31,416.49,4522.68,484.42406975000705,0.11963,0.04979,0.06,0.0355,0.7771,16.48,20.42,23.49,25.32,18.1872,18.6559,18.8698,1.3055,0.3114,19.911622657835345,18.8698,0.0129705179683866,1.3088,False,1.0855,19.97096153021851,20.034033960807758
2021-09-30,396.79,4307.54,461.38043315267635,0.13013,0.05738,0.06,0.033,0.9649,23.14,23.87,25.92,26.86,20.7761,20.7224,20.8574,1.3768,0.31899,21.289209423983007,20.8574,0.0136740821468189,1.4873,False,1.2851,21.09867335842732,20.898629193253452
2021-10-31,424.42,4605.38,493.28206336625374,0.13225,0.04776,0.07,0.0482,1.1831,16.26,20.37,23.35,24.8,18.6504,19.3302,19.8256,1.2969,0.30937,20.579798443680023,19.8256,0.0128856226265232,1.5521,False,1.4504,20.51962520640949,20.45605360574536
2021-11-30,421.58,4567.0,489.1711831366099,0.17325,0.05363,0.07,0.0456,1.1596,27.19,28.13,29.15,29.37,21.5902,21.6134,21.6526,1.323,0.31524,21.82801894859016,21.6526,0.0131432478661404,1.4443,False,1.3708,21.536163204815857,21.231150706302525
2021-12-31,440.03,4766.18,510.50534478696005,0.20913,0.09125,0.07,0.0304,1.263,17.22,21.88,25.1,27.62,19.2983,20.2487,20.5066,1.2706,0.35286,21.04935372472313,20.5066,0.0126259560941548,1.5101,False,1.4363,20.903285949552266,20.74960873590174
2022-01-31,416.52,4515.55,483.6603757417384,0.30886,0.20156,0.08,0.18,1.6094,24.83,26.85,27.56,28.0,21.0582,21.3381,21.4236,1.3433,0.4631699999999999,21.67353752420991,21.4236,0.0133435771766167,1.7767,False,1.7381,21.410930596056915,21.13612619215266
2022-02-28,403.92,4373.94,468.4925344358537,0.50429,0.411,0.08,0.2917,1.7177,30.15,29.65,29.88,29.41,22.2197,21.9569,21.7431,1.4048,0.6726099999999999,21.88891975986895,21.7431,0.0139502413267243,1.825,False,1.8058,21.585489717174596,21.268543839204252
2022-03-31,419.87,4530.41,485.2520297337266,0.96157,0.67512,0.33,0.4822,2.4599,20.56,24.46,26.79,28.27,21.0976,21.488,21.6569,1.3676,0.93673,21.83091448822492,21.6569,0.0135833274822628,2.338,False,2.4287,21.53850899927768,21.232929438856733
2022-04-30,382.5,4131.93,442.5708532379359,1.33486,1.11156,0.33,0.8229,2.9549,33.4,33.18,33.02,31.72,24.5193,23.7965,23.3598,1.5043,1.37317,22.96311006245876,23.3598,0.0149309761284189,2.9336,False,2.9771,22.451565775980175,21.921929426425788
2022-05-31,382.85,4132.15,442.59441742893415,1.61071,1.4048,0.83,1.0392,2.8173,26.19,27.99,29.8,30.3,23.4683,22.9857,22.5869,1.5264,1.66641,22.452757394718898,22.5869,0.0151486771961617,2.8441,False,2.8691,22.041014031525144,21.612940047575957
2022-06-30,351.04,3785.38,405.4518969173767,2.28514,2.11654,1.58,1.6262,3.0379,28.71,29.71,30.85,31.1,24.8135,24.2547,23.6837,1.6929,2.37815,23.17531181406481,23.6837,0.0167873014533618,3.0129,False,3.0676,22.6217889531909,22.049659383934383
2022-07-31,382.91,4130.29,442.3951929050376,2.78829,2.54334,2.32,2.3168,2.676,21.33,23.79,26.22,28.54,22.6398,22.7874,22.6299,1.5563,2.8049500000000003,22.481301435901333,22.6299,0.0154431385187268,2.6487,False,2.6792,22.064019949811467,21.630289689183964
2022-08-31,366.51,3955.0,423.6198881772039,3.09971,2.97467,2.33,2.9003,3.3508,25.87,26.65,28.37,29.26,24.2925,24.2178,23.8992,1.649,3.2362800000000003,23.315962081965857,23.8992,0.016355516359566,3.1926,False,3.3064,22.734461543129154,22.134083195151078
2022-09-30,332.14,3585.62,384.0556114907575,3.75471,3.59329,3.08,3.2466,4.09,31.62,31.86,32.48,32.08,26.2514,25.6124,24.9153,1.8446,3.8549,23.973556849431144,24.9153,0.0182779361333562,3.8286,False,3.9808,23.259651488747824,22.526335597375276
2022-10-31,358.1,3871.98,414.72761937405073,4.46029,4.10874,3.08,4.0559,4.2283,25.88,26.92,28.58,29.73,24.6283,24.5172,24.5484,1.7067,4.37035,23.737154103341354,24.5484,0.0169229949357597,4.0478,False,4.1427,23.07114809858759,22.385784299530346
2022-11-30,376.38,4080.11,437.020415158203,4.77857,4.41261,3.83,4.3196,3.7367,20.58,23.53,26.2,27.69,23.383,23.591,23.3126,1.6407,4.67422,22.932105866732694,23.3126,0.0162738594924979,3.6054,False,3.6759,22.426671445712515,21.90323082410747
2022-12-31,353.2,3839.5,411.2486879030029,4.76729,4.58745,4.33,4.3429,4.0039,21.67,24.29,26.2,27.3,23.5105,23.3448,23.6199,1.7574,4.84906,23.13359009258453,23.6199,0.0174213629628403,3.8748,False,3.9653,22.588342880335002,22.02458009756157
2023-01-31,374.15,4076.6,436.64445920181856,4.81357,4.68549,4.33,4.6415,3.6171,19.4,20.81,22.25,23.4,19.1379,19.4876,19.8859,1.6545,4.9471,20.621589577884645,19.8859,0.0164096226587821,3.5069,False,3.5687,20.55383458847373,20.48227978946115
2023-02-28,363.67,3970.15,425.2426040573273,4.971,4.89392,4.57,4.7687,4.1818,20.7,21.32,23.05,23.88,20.1954,20.4519,20.5943,1.7216,5.15553,21.109444520416,20.5943,0.0170694838955224,3.92,False,4.0803,20.952273368835638,20.787001149323
2023-03-31,375.14,4109.31,440.1480259634561,5.19271,4.90855,4.83,4.693,3.5733,18.7,21.23,23.25,24.12,19.9833,20.4621,20.7578,1.6731,5.17016,21.22124608993505,20.7578,0.0165925786377234,3.4676,False,3.5309,21.043350322117266,20.856467196515034
2023-04-30,379.74,4169.48,446.59283220154,5.30243,5.08132,4.83,5.0302,3.4828,15.78,19.54,22.78,24.15,19.015,19.706,19.9511,1.6546,5.34293,20.666729363421503,19.9511,0.01641060638258,3.422,False,3.4569,20.59077118159836,20.510585444493273
2023-05-31,379.92,4179.83,447.7014202780592,5.51671,5.29282,5.08,5.3884,3.7547,17.94,20.21,22.55,23.66,18.8932,19.3323,19.4672,1.6541,5.55443,20.330530876832658,19.4672,0.0164056877539134,3.6426,False,3.6989,20.315320619800925,20.299215231434644
2023-06-30,402.8,4450.38,476.680019708234,5.54543,5.26836,5.08,5.2836,4.1556,13.59,16.02,18.33,20.53,15.6768,17.1914,17.3333,1.5518,5.5299700000000005,18.813390948132135,17.3333,0.0153988271397051,3.8367,False,3.9928,19.06192243962592,19.32886686070271
2023-07-31,414.13,4588.96,491.52331783809393,5.62693,5.36532,5.33,5.4001,4.1774,13.63,16.01,18.42,20.54,16.0205,17.0787,17.8267,1.5049,5.62693,19.169452140654883,17.8267,0.0149368871905776,3.9588,False,4.0751,19.35765935109287,19.559113206035075
2023-08-31,405.29,4507.66,482.81527816456514,5.66283,5.40122,5.33,5.4354,4.2541,13.57,15.92,18.29,20.08,16.5282,17.9382,18.618,1.5367,5.6628300000000005,19.73374029391637,18.618,0.0152501234954532,4.1081,False,4.2056,19.824344346299007,19.920808470906515
2023-09-30,383.94,4288.05,459.2928600501288,5.65711,5.3955,5.33,5.4459,4.609,17.52,18.51,20.18,21.85,17.7934,18.5126,18.8762,1.6093,5.65711,19.916133586786327,18.8762,0.0159648804002488,4.5711,False,4.6144,19.974676549677902,20.03690039619643
2023-10-31,373.88,4193.8,449.1977464064622,5.64436,5.38275,5.33,5.4623,4.8536,18.14,19.49,21.34,23.03,18.468,18.7545,18.9043,1.6494,5.64436,19.935933378427148,18.9043,0.016359451461859,4.9307,False,4.931,19.990981081288133,20.049479194835232
2023-11-30,406.24,4567.8,489.2568711038765,5.63099,5.36938,5.33,5.3876,4.2663,12.92,15.44,17.91,20.44,15.944,17.087,17.5549,1.5304,5.63099,18.97371888674776,17.5549,0.0151880750395288,4.3264,False,4.341,19.195210234169167,19.432739557465975
2023-12-31,422.98,4769.83,510.8962961376165,5.59301,5.3314,5.33,5.3323,3.8471,12.45,15.26,17.53,20.07,15.8313,17.0457,17.4471,1.4849,5.5930100000000005,18.895809880036715,17.4471,0.0147398329537173,3.8791,False,3.8812,19.1304662563562,19.38230470430804
2024-01-31,427.42,4845.65,519.0173732353652,5.57694,5.31533,5.33,5.3597,3.8354,14.35,15.96,17.58,19.76,15.3748,16.287,17.1226,1.4679,5.5769400000000005,18.660316850890982,17.1226,0.0145723063165903,3.9124,False,3.874,18.934475375118403,19.22938900530699
2024-02-29,447.89,5096.27,545.8612711809966,5.59513,5.33352,5.33,5.3798,4.2447,13.4,14.93,16.86,19.32,14.8547,15.7314,16.2114,1.3988,5.59513,17.990977101944136,16.2114,0.0138910707794386,4.2502,False,4.2708,18.374971083081643,18.790824558221225
2024-03-31,460.16,5254.35,562.7932135129947,5.55984,5.29823,5.33,5.3618,4.2125,13.01,15.19,17.19,20.03,15.8971,16.9456,17.4187,1.3557,5.55984,18.87525811485534,17.4187,0.0134659260783426,4.2003,False,4.2082,19.113379366583263,19.368987636199414
2024-04-30,439.22,5035.69,539.3725498596882,5.58975,5.32814,5.33,5.3918,4.7154,15.65,16.59,17.94,19.65,16.5084,17.0392,17.6922,1.4197,5.58975,19.07271849245261,17.6922,0.0140971663779563,4.6798,False,4.7044,19.277412381689818,19.496717599646963
2024-05-31,459.03,5277.51,565.2738801653805,5.60445,5.34284,5.33,5.4009,4.507,12.92,14.66,16.61,18.4,15.0715,15.9242,16.3597,1.3631,5.60445,18.10074848583552,16.3597,0.0135389336139366,4.4985,False,4.5066,18.466981320055655,18.86315576804844
2024-06-30,472.97,5460.48,584.8717893789791,5.58621,5.3246,5.33,5.3549,4.3765,12.44,14.52,16.95,18.73,15.0244,16.2373,16.4633,1.327,5.58621,18.17723705737914,16.4633,0.0131827247968142,4.3961,False,4.3729,18.531034931142596,18.913460561409167
2024-07-31,476.09,5522.3,591.4933270495513,5.50271,5.2411,5.33,5.284,3.9132,16.36,16.97,18.32,19.25,15.5103,16.171,16.8912,1.3205,5.50271,18.49148170392837,16.8912,0.0131185739930567,4.0296,False,3.9446,18.79368879896706,19.11931922649891
2024-08-31,484.92,5648.4,604.999892890043,5.27823,5.01662,5.33,5.1117,3.7027,15.0,17.43,18.88,20.29,15.2826,15.9833,16.4054,1.299,5.27823,18.134508864879272,16.4054,0.0129063535495091,3.9034,False,3.7987,18.49525913681856,18.885368836842343
2024-09-30,492.68,5762.48,617.2189970223454,4.85372,4.59211,4.83,4.6169,3.5585,16.73,19.22,20.62,21.85,16.1831,16.9308,17.5714,1.2789,4.85372,18.985629699914924,17.5714,0.0127079113693309,3.7809,False,3.6479,19.2051041686336,19.44044336301238
2024-10-31,486.26,5705.45,611.1105160557853,4.85372,4.55924,4.83,4.5418,4.1582,23.16,22.64,22.61,22.73,17.1217,17.3629,17.8987,1.3046,4.82085,19.221135601654655,17.8987,0.0129616339097932,4.2844,False,4.2239,19.40050450336412,19.592402770136694
2024-11-30,512.79,6032.38,646.1279749791163,4.85372,4.4662,4.58,4.4858,4.0482,13.51,16.26,18.15,19.74,15.3117,16.067,16.325,1.2387,4.72781,18.07509332075191,16.325,0.012310908831991,4.1685,False,4.1042,18.4454861516585,18.846265419256003
2024-12-31,497.21,5881.63,629.9811486472038,4.85372,4.3051,4.33,4.3144,4.382,17.35,18.98,20.55,21.48,16.3012,16.9102,17.1423,1.2685,4.5667100000000005,18.67465535093206,17.1423,0.0126052193573955,4.569,False,4.4789,18.946421298646676,19.238719856836006
2025-01-31,508.23,6040.53,647.0009211456509,4.85372,4.30225,4.33,4.2839,4.3272,16.43,18.43,19.77,20.39,15.7545,16.5127,17.0905,1.2438,4.56386,18.636941362736952,17.0905,0.0123612835557432,4.5387,False,4.4405,18.9149968884695,19.21417162265867
2025-02-28,499.51,5954.5,637.7862513656545,4.85372,4.31678,4.33,4.2942,4.0191,19.63,20.18,21.17,21.3,16.4235,16.9228,17.4163,1.2704,4.57839,18.87352083637113,17.4163,0.0126239811853708,4.2082,False,4.1146,19.111934827888,19.367861675149232
2025-03-31,469.2,5611.85,601.0850238855232,4.85372,4.28788,4.33,4.2937,3.9496,22.28,21.97,22.45,22.75,18.1859,18.3456,18.575,1.3567,4.5494900000000005,19.70328361169748,18.575,0.0134757922730106,4.2053,False,4.0732,19.79921717626579,19.901384580286518
2025-04-30,463.7,5569.06,596.5017887363191,4.85372,4.26592,4.33,4.2859,3.7264,24.7,25.54,25.99,25.63,19.9541,19.6182,19.7073,1.3717,4.5275300000000005,20.49768736667484,19.7073,0.0136237735132056,4.1619,False,3.9356,20.452374503680208,20.404467269955333
2025-05-31,491.01,5911.69,633.2008740172686,4.85372,4.32375,4.33,4.333,3.9617,18.57,21.38,22.72,23.0,18.4435,18.7729,19.0894,1.2977,4.5853600000000005,20.066115117841846,19.0894,0.0128935201716701,4.4004,False,4.1717,20.098109853821192,20.13206929048641
2025-06-30,514.49,6204.95,664.6119406182411,4.85372,4.29235,4.33,4.2911,3.7971,16.73,19.44,21.27,22.48,17.2131,17.853,18.3325,1.2426,4.55396,19.531081564113663,18.3325,0.0123494309078615,4.228,False,3.9897,19.65701710749086,19.7913531009983
2025-07-31,524.4,6339.39,679.0118035174935,4.85372,4.30054,4.33,4.3372,3.9724,16.72,19.14,20.84,21.82,16.5341,17.2174,17.536,1.2199,4.56215,18.96007102354797,17.536,0.0121251918503065,4.374,False,4.1558,19.183872021447993,19.42391005303853
2025-08-31,532.51,6460.26,691.958184271976,4.85372,4.17106,4.33,4.1391,3.6958,15.36,18.35,20.83,21.92,16.4893,17.1562,17.6556,1.2035,4.43267,19.04635322361907,17.6556,0.0119631552474643,4.2284,False,3.9265,19.25552803206196,19.479691142455433
2025-09-30,549.66,6688.46,716.4006769349439,4.85372,3.97639,4.09,3.9323,3.7408,16.28,18.77,20.95,22.33,16.8526,17.8729,18.0174,1.1683,4.2379999999999995,19.3061911020245,18.0174,0.0116152806883114,4.1503,False,3.9291,19.47096997381856,19.6471157239704
2025-10-31,560.69,6840.2,732.6535421263497,4.85372,3.88927,3.86,3.8007,3.6871,17.44,20.49,22.54,23.58,18.0782,18.5055,18.6845,1.1393,4.15088,19.78079596333377,18.6845,0.0113285885403285,4.0775,False,3.8708,19.86315227130098,19.95079674356261
2025-11-30,559.51,6849.09,733.6057496626064,4.85372,3.78743,3.89,3.7956,3.5964,16.35,19.64,22.1,23.66,17.6534,18.1641,18.4977,1.1403,4.04904,19.648473478175134,18.4977,0.0113384758448319,4.0132,False,3.7833,19.75398057098061,19.86640127404739
2025-12-31,557.32,6845.5,733.2212249094945,4.85372,3.65166,3.64,3.6264,3.7252,14.95,18.18,20.94,22.54,17.0302,17.6378,18.1991,1.141,3.91327,19.43603038040755,18.1991,0.0113453968998182,4.167,False,3.9394,19.578430275228754,19.73046544036793
2026-01-31,563.24,6939.03,743.2392193826205,4.85372,3.66017,3.64,3.6537,3.7881,17.44,20.07,22.23,23.39,17.8475,18.4557,18.8765,1.1389,3.92178,19.916345024120726,18.8765,0.0113246335911546,4.2355,False,4.0103,19.974850677260452,20.037034746568832
2026-02-28,557.04,6878.88,736.7965553437183,4.85372,3.66573,3.64,3.6562,3.5017,19.86,21.56,23.59,24.4,18.8291,19.2192,19.3533,1.1548,3.92734,20.250995055843724,19.3533,0.0114818307755725,3.9375,False,3.6963,20.250037413982117,20.24902268197349
2026-03-31,527.35,6528.52,699.2695100790496,4.85372,3.68223,3.64,3.6718,3.9427,25.25,25.55,26.93,26.48,21.0694,20.9314,21.0928,1.2218,3.94384,21.449410914059772,21.0928,0.0121439626865527,4.3166,False,4.1281,21.228954702647474,20.99781670573991
2026-04-30,581.37,7209.01,772.1567661361172,4.85372,3.66395,3.64,3.6604,4.0055,16.89,20.08,22.61,23.65,18.2129,19.0896,19.5903,1.1093,3.92556,20.416317492831656,19.5903,0.0110319239382495,4.3706,False,4.19,20.385683308653267,20.353271436755435
2026-05-31,609.62,7580.06,811.8999164542339,4.85372,3.65736,3.62,3.67,4.1407,15.32,18.66,21.6,23.06,17.9979,18.6065,19.0041,1.0602,3.91897,20.00617551924872,19.0041,0.0105461928960758,4.4355,False,4.2813,20.04880002743329,20.094066917479886
2026-06-30,600.73,7499.36,803.2561427561553,4.85372,3.73372,3.63,3.8105,4.2265,16.45,19.0,21.5,23.03,17.897,18.5365,19.0353,1.0805,3.99533,20.028109839287772,19.0353,0.0107470430966365,4.4652,False,4.3362,20.066847546113934,20.107978380651886
2026-07-31,598.42,7489.72,802.2236027505858,4.85372,3.75092,3.63,3.7529,4.4489,15.99,19.02,21.34,22.94,17.733,18.5631,19.1609,1.0858,4.01253,20.11628909178316,19.1609,0.0107994751785534,4.7347,False,4.5899,20.139365649146008,20.163848003442833
2026-08-31,612.72,7686.14,823.2621409138641,4.85372,3.80104,3.63,3.8261,4.5002,14.92,17.53,20.17,21.87,17.068,17.9801,18.5953,1.063,4.06265,19.71766491252684,18.5953,0.0105738987705145,4.75,False,4.6147,19.811082806819368,19.91055769910095
2026-09-30,606.86,7619.98,816.1757460208669,4.85372,3.94858,3.63,4.0288,4.8221,17.1,19.28,20.71,21.97,16.9628,17.8461,18.4729,1.0766,4.21019,19.63087275248588,18.4729,0.0107084592427874,4.9979,False,4.9108,19.73944932785893,19.855159750126433
