date,px_last
1996-01-31,636.02
1996-02-29,640.43
1996-03-31,645.5
1996-04-30,654.17
1996-05-31,669.12
1996-06-30,670.63
1996-07-31,639.95
1996-08-31,651.99
1996-09-30,687.31
1996-10-31,705.27
1996-11-30,757.02
1996-12-31,740.74
1997-01-31,786.16
1997-02-28,790.82
1997-03-31,757.12
1997-04-30,801.34
1997-05-31,848.28
1997-06-30,885.14
1997-07-31,954.29
1997-08-31,899.47
1997-09-30,947.28
1997-10-31,914.62
1997-11-30,955.4
1997-12-31,970.43
1998-01-31,980.28
1998-02-28,1049.34
1998-03-31,1101.75
1998-04-30,1111.75
1998-05-31,1090.82
1998-06-30,1133.84
1998-07-31,1120.67
1998-08-31,957.28
1998-09-30,1017.01
1998-10-31,1098.67
1998-11-30,1163.63
1998-12-31,1229.23
1999-01-31,1279.64
1999-02-28,1238.33
1999-03-31,1286.37
1999-04-30,1335.18
1999-05-31,1301.84
1999-06-30,1372.71
1999-07-31,1328.72
1999-08-31,1320.41
1999-09-30,1282.71
1999-10-31,1362.93
1999-11-30,1388.91
1999-12-31,1469.25
2000-01-31,1394.46
2000-02-29,1366.42
2000-03-31,1498.58
2000-04-30,1452.43
2000-05-31,1420.6
2000-06-30,1454.6
2000-07-31,1430.83
2000-08-31,1517.68
2000-09-30,1436.51
2000-10-31,1429.4
2000-11-30,1314.95
2000-12-31,1320.28
2001-01-31,1366.01
2001-02-28,1239.94
2001-03-31,1160.33
2001-04-30,1249.46
2001-05-31,1255.82
2001-06-30,1224.42
2001-07-31,1211.23
2001-08-31,1133.58
2001-09-30,1040.94
2001-10-31,1059.78
2001-11-30,1139.45
2001-12-31,1148.08
2002-01-31,1130.21
2002-02-28,1106.73
2002-03-31,1147.39
2002-04-30,1076.92
2002-05-31,1067.14
2002-06-30,989.81
2002-07-31,911.62
2002-08-31,916.07
2002-09-30,815.28
2002-10-31,885.76
2002-11-30,936.31
2002-12-31,879.82
2003-01-31,855.7
2003-02-28,841.15
2003-03-31,848.18
2003-04-30,916.92
2003-05-31,963.59
2003-06-30,974.5
2003-07-31,990.31
2003-08-31,1008.01
2003-09-30,995.97
2003-10-31,1050.71
2003-11-30,1058.2
2003-12-31,1111.92
2004-01-31,1131.13
2004-02-29,1144.94
2004-03-31,1126.21
2004-04-30,1107.31
2004-05-31,1120.68
2004-06-30,1140.84
2004-07-31,1101.72
2004-08-31,1104.24
2004-09-30,1114.58
2004-10-31,1130.2
2004-11-30,1173.82
2004-12-31,1211.92
2005-01-31,1181.27
2005-02-28,1203.6
2005-03-31,1180.59
2005-04-30,1156.85
2005-05-31,1191.5
2005-06-30,1191.33
2005-07-31,1234.18
2005-08-31,1220.33
2005-09-30,1228.81
2005-10-31,1207.01
2005-11-30,1249.48
2005-12-31,1248.29
2006-01-31,1280.09
2006-02-28,1280.66
2006-03-31,1294.83
2006-04-30,1310.61
2006-05-31,1270.09
2006-06-30,1270.2
2006-07-31,1276.66
2006-08-31,1303.82
2006-09-30,1335.85
2006-10-31,1377.94
2006-11-30,1400.63
2006-12-31,1418.3
2007-01-31,1438.24
2007-02-28,1406.82
2007-03-31,1420.86
2007-04-30,1482.37
2007-05-31,1530.62
2007-06-30,1503.35
2007-07-31,1455.28
2007-08-31,1473.99
2007-09-30,1526.75
2007-10-31,1549.38
2007-11-30,1481.14
2007-12-31,1468.36
2008-01-31,1378.55
2008-02-29,1330.63
2008-03-31,1322.7
2008-04-30,1385.59
2008-05-31,1400.38
2008-06-30,1280.0
2008-07-31,1267.38
2008-08-31,1282.83
2008-09-30,1166.36
2008-10-31,968.75
2008-11-30,896.24
2008-12-31,903.25
2009-01-31,825.88
2009-02-28,735.09
2009-03-31,797.87
2009-04-30,872.81
2009-05-31,919.14
2009-06-30,919.32
2009-07-31,987.48
2009-08-31,1020.63
2009-09-30,1057.08
2009-10-31,1036.2
2009-11-30,1095.63
2009-12-31,1115.1
2010-01-31,1073.87
2010-02-28,1104.49
2010-03-31,1169.43
2010-04-30,1186.69
2010-05-31,1089.41
2010-06-30,1030.71
2010-07-31,1101.6
2010-08-31,1049.33
2010-09-30,1141.2
2010-10-31,1183.26
2010-11-30,1180.55
2010-12-31,1257.64
2011-01-31,1286.12
2011-02-28,1327.22
2011-03-31,1325.83
2011-04-30,1363.61
2011-05-31,1345.2
2011-06-30,1320.64
2011-07-31,1292.28
2011-08-31,1218.89
2011-09-30,1131.42
2011-10-31,1253.3
2011-11-30,1246.96
2011-12-31,1257.61
2012-01-31,1312.41
2012-02-29,1365.68
2012-03-31,1408.47
2012-04-30,1397.91
2012-05-31,1310.33
2012-06-30,1362.16
2012-07-31,1379.32
2012-08-31,1406.58
2012-09-30,1440.67
2012-10-31,1412.16
2012-11-30,1416.18
2012-12-31,1426.19
2013-01-31,1498.11
2013-02-28,1514.68
2013-03-31,1569.19
2013-04-30,1597.57
2013-05-31,1630.74
2013-06-30,1606.28
2013-07-31,1685.73
2013-08-31,1632.97
2013-09-30,1681.55
2013-10-31,1756.54
2013-11-30,1805.81
2013-12-31,1848.36
2014-01-31,1782.59
2014-02-28,1859.45
2014-03-31,1872.34
2014-04-30,1883.95
2014-05-31,1923.57
2014-06-30,1960.23
2014-07-31,1930.67
2014-08-31,2003.37
2014-09-30,1972.29
2014-10-31,2018.05
2014-11-30,2067.56
2014-12-31,2058.9
2015-01-31,1994.99
2015-02-28,2104.5
2015-03-31,2067.89
2015-04-30,2085.51
2015-05-31,2107.39
2015-06-30,2063.11
2015-07-31,2103.84
2015-08-31,1972.18
2015-09-30,1920.03
2015-10-31,2079.36
2015-11-30,2080.41
2015-12-31,2043.94
2016-01-31,1940.24
2016-02-29,1932.23
2016-03-31,2059.74
2016-04-30,2065.3
2016-05-31,2096.96
2016-06-30,2098.86
2016-07-31,2173.6
2016-08-31,2170.95
2016-09-30,2168.27
2016-10-31,2126.15
2016-11-30,2198.81
2016-12-31,2238.83
2017-01-31,2278.87
2017-02-28,2363.64
2017-03-31,2362.72
2017-04-30,2384.2
2017-05-31,2411.8
2017-06-30,2423.41
2017-07-31,2470.3
2017-08-31,2471.65
2017-09-30,2519.36
2017-10-31,2575.26
2017-11-30,2647.58
2017-12-31,2673.61
2018-01-31,2823.81
2018-02-28,2713.83
2018-03-31,2640.87
2018-04-30,2648.05
2018-05-31,2705.27
2018-06-30,2718.37
2018-07-31,2816.29
2018-08-31,2901.52
2018-09-30,2913.98
2018-10-31,2711.74
2018-11-30,2760.17
2018-12-31,2506.85
2019-01-31,2704.1
2019-02-28,2784.49
2019-03-31,2834.4
2019-04-30,2945.83
2019-05-31,2752.06
2019-06-30,2941.76
2019-07-31,2980.38
2019-08-31,2926.46
2019-09-30,2976.74
2019-10-31,3037.56
2019-11-30,3140.98
2019-12-31,3230.78
2020-01-31,3225.52
2020-02-29,2954.22
2020-03-31,2584.59
2020-04-30,2912.43
2020-05-31,3044.31
2020-06-30,3100.29
2020-07-31,3271.12
2020-08-31,3500.31
2020-09-30,3363.0
2020-10-31,3269.96
2020-11-30,3621.63
2020-12-31,3756.07
2021-01-31,3714.24
2021-02-28,3811.15
2021-03-31,3972.89
2021-04-30,4181.17
2021-05-31,4204.11
2021-06-30,4297.5
2021-07-31,4395.26
2021-08-31,4522.68
2021-09-30,4307.54
2021-10-31,4605.38
2021-11-30,4567.0
2021-12-31,4766.18
2022-01-31,4515.55
2022-02-28,4373.94
2022-03-31,4530.41
2022-04-30,4131.93
2022-05-31,4132.15
2022-06-30,3785.38
2022-07-31,4130.29
2022-08-31,3955.0
2022-09-30,3585.62
2022-10-31,3871.98
2022-11-30,4080.11
2022-12-31,3839.5
2023-01-31,4076.6
2023-02-28,3970.15
2023-03-31,4109.31
2023-04-30,4169.48
2023-05-31,4179.83
2023-06-30,4450.38
2023-07-31,4588.96
2023-08-31,4507.66
2023-09-30,4288.05
2023-10-31,4193.8
2023-11-30,4567.8
2023-12-31,4769.83
2024-01-31,4845.65
2024-02-29,5096.27
2024-03-31,5254.35
2024-04-30,5035.69
2024-05-31,5277.51
2024-06-30,5460.48
2024-07-31,5522.3
2024-08-31,5648.4
2024-09-30,5762.48
2024-10-31,5705.45
2024-11-30,6032.38
2024-12-31,5881.63
2025-01-31,6040.53
2025-02-28,5954.5
2025-03-31,5611.85
2025-04-30,5569.06
2025-05-31,5911.69
2025-06-30,6204.95
2025-07-31,6339.39
2025-08-31,6460.26
2025-09-30,6688.46
2025-10-31,6840.2
2025-11-30,6849.09
2025-12-31,6845.5
2026-01-31,6939.03
2026-02-28,6878.88
2026-03-31,6528.52
2026-04-30,7209.01
2026-05-31,7580.06
2026-06-30,7499.36
2026-07-31,7489.72
2026-08-31,7686.14
2026-09-30,7619.98
